abap programming,abap programming ,14
accelerometer,accelerometer ,15
accelerometers,accelerometers ,15
accunetix,accunetix ,16
acl,acl ,17
activemq,activemq ,18
actix.rs,actix.rs ,19
adaugeo technology,adaugeo technology ,20
admin panel,admin panel ,21
admin panel design,admin panel design ,21
admob,admob ,22
ado.net,ado.net ,23
adobe,adobe ,22
adobe after,adobe after ,22
adobe creative suite,adobe creative suite ,22
adobe flash,adobe flash ,22
adobe illustrator,adobe illustrator ,22
adobe indesign,adobe indesign ,22
adobe photoshop,adobe photoshop ,22
adobe xd,adobe xd ,22
adobexd,adobexd ,22
aerospike,aerospike ,24
agile,agile ,25
agile development,agile development ,25
agile development life-cycle,agile development life-cycle ,25
agile framework,agile framework ,25
agile frameworks,agile frameworks ,25
agile methodologies,agile methodologies ,25
agile methodology,agile methodology ,25
agile software development,agile software development ,25
agile software development methodologies,agile software development methodologies ,25
ai,artificial intelligence ,26
ai algorithms,artificial intelligence algorithms ,26
ai models,artificial intelligence models ,26
ai tests,artificial intelligence tests ,26
ajax,ajax ,27
algo,algorithm ,28
algorithm development,algorithm development ,28
algorithmic design,algorithmic design ,29
algorithms,algorithms ,28
alm,alm ,30
alpha cloud tech,alpha cloud tech ,31
alpha-beta testing,alpha-beta testing ,32
altcoins,altcoins ,33
am charts,am charts ,34
amazon,amazon ,35
amazon cloud,amazon cloud ,35
amazon lex,amazon lex ,35
amazon seller,amazon seller ,35
amazon textract,amazon textract ,35
amazon web server,amazon web server ,35
amazon web services,amazon web services ,35
amd,amd ,36
amplify,amplify ,37
amplify development,amplify development ,37
analysis of the data,analysis of the data ,38
analytical models,analytical models ,39
analytics engine,analytics engine ,40
analyze,analyze ,41
analyze the video data,analyze the video data ,41
analyzing features,analyzing features ,42
analyzing process flow,analyzing process flow ,43
analyzing test,analyzing test ,44
ananeo cloud,ananeo cloud ,45
android,android ,46
android 7.0,android 7.0 ,46
android api,android application programming interface ,46
android apis,android apis ,46
android apks,android apks ,46
android app,android application ,46
android app development,android application development ,46
android app testing,android application testing ,46
android application,android application ,46
android application development,android application development ,46
android apps,android apps ,46
android architecture,android architecture ,46
android components,android components ,46
android development,android development ,46
android development language,android development language ,46
android engineering,android engineering ,46
android framework,android framework ,46
android frameworks,android frameworks ,46
android libraies,android libraies ,46
android libraries,android libraries ,46
android location api,android location application programming interface ,46
android native,android native ,46
android os,android operating system ,46
android platform,android platform ,46
android sdk,android sdk ,46
android studio,android studio ,46
android tools,android tools ,46
android ui,android user interface ,46
android ui design,android user interface design ,46
android ui development,android user interface development ,46
android ui set,android user interface set ,46
android xml,android xml ,46
angular,angular ,47
angular 11,angular 11 ,47
angular 2.0,angular 2.0 ,47
angular 6,angular 6 ,47
angular 7,angular 7 ,47
angular 7+,angular 7+ ,47
angular 7.0,angular 7.0 ,47
angular 8,angular 8 ,47
angular 9,angular 9 ,47
angular 9 development,angular 9 development ,47
angular 9.0,angular 9.0 ,47
angular app development,angular application development ,47
angular application development,angular application development ,47
angular class,angular class ,47
angular design,angular design ,47
angular development,angular development ,47
angular flex,angular flex ,47
angular framework,angular framework ,47
angular js,angular js ,47
angular material,angular material ,47
angular material design,angular material design ,47
angular projects,angular projects ,47
angular unit testing,angular unit testing ,47
angular v5,angular v5 ,47
angular web development,angular web development ,47
angular.js,angular.js ,47
angular.js development,angular.js development ,47
angular7,angular7 ,47
angular8,angular8 ,47
angularjs,angularjs ,47
animation,animation ,48
animation designs,animation designs ,48
ann,artificial neural network ,49
annotation,annotation ,48
ansible,ansible ,50
ant,ant ,51
ant design,ant design ,51
antd templates,antd templates ,52
anti-virus,anti-virus ,53
aosp,aosp ,54
apache,apache ,55
apache 2.0,apache 2.0 ,55
apache shell scripting,apache shell scripting ,55
api,application programming interface ,46
api automation testing,application programming interface automation testing ,46
api creation,application programming interface creation ,46
api design,application programming interface design ,46
api development,application programming interface development ,46
api documentation,application programming interface documentation ,46
api gateway,application programming interface gateway ,46
api gateways,application programming interface gateways ,46
api integration,application programming interface integration ,46
api integrations,application programming interface integrations ,46
api keys,application programming interface keys ,46
api monitoring,application programming interface monitoring ,46
api reflection,application programming interface reflection ,46
api standards,application programming interface standards ,46
api testing,application programming interface testing ,46
api version management,application programming interface version management ,46
apis & web service,apis & web service ,56
apns,apns ,57
apollo,apollo ,58
app analytics,application analytics ,59
app coding,application coding ,60
app deployment,application deployment ,61
app design,application design ,46
app designing,application designing ,62
app development,application development ,61
app engine,application engine ,63
app performance testing,application performance testing ,64
app testing,application testing ,64
appdynamics,appdynamics ,65
appium,appium ,66
apple,apple ,25
apple mac,apple mac ,25
application design,application design ,46
application development,application development ,61
application development servers,application development servers ,61
application layer development,application layer development ,61
application programming,application programming ,46
applied behavior analysis,applied behavior analysis ,67
appsync,appsync ,68
ar,ar ,69
ar programming,ar programming ,69
arcgis,arcgis ,70
architect,architect ,71
architecting,architecting ,71
architecting scalable web architecture,architecting scalable web architecture ,71
arcore,arcore ,72
arduino,arduino ,73
arduopilot development,arduopilot development ,74
arfoundation,arfoundation ,75
arkit,arkit ,76
arm,arm ,30
arm cortex,arm cortex ,30
arm cortex based controllers,arm cortex based controllers ,30
arp,arp ,30
arrays,arrays ,77
arrow function,arrow function ,78
artifical intelligence,artifical intelligence ,26
artificial intelligence,artificial intelligence ,26
artificial neural networks,artificial neural networks ,49
asp.net,asp.net ,23
asp.net development,asp.net development ,23
asp.net mvc development,asp.net model view controller development ,23
assembly,assembly ,79
astro humanism,astro humanism ,80
astronomy,astronomy ,81
astrophysics,astrophysics ,82
async,async ,68
asynchronous code,asynchronous code ,83
asynchronous networking,asynchronous networking ,84
asynchronous programming,asynchronous programming ,85
asynchronous request handling,asynchronous request handling ,86
asynchronous restful services,asynchronous restful services ,87
asyncio,asyncio ,68
athena,athena ,88
atmega 328p,atmega 328p ,89
atmega328p,atmega328p ,89
augmented reality,augmented reality ,90
augmented reality programming,augmented reality programming ,90
authentication mechanisms,authentication mechanisms ,91
auto emailing,auto emailing ,92
autocad,autocad ,93
autocad software,autocad software ,93
autodesk,autodesk ,94
autodesk fusion,autodesk fusion ,94
autodesk fusion 360,autodesk fusion 360 ,94
automate,automate ,95
automate tasks,automate tasks ,95
automate tests,automate tests ,95
automated testing,automated testing ,95
automated testing platforms,automated testing platforms ,95
automated tests,automated tests ,95
automating,automating ,95
automation frameworks,automation frameworks ,96
automation qa,automation qa ,95
automation scripts,automation scripts ,97
automation system,automation system ,98
automation test,automation test ,95
automation testing,automation testing ,95
automation tools,automation tools ,95
automatization,automatization ,99
autorelease pool,autorelease pool ,100
await,await ,76
aws,amazon web service ,35
aws architecture,amazon web service architecture ,35
aws cloud,amazon web service cloud ,35
aws cloud deployment,amazon web service cloud deployment ,35
aws cloud management,amazon web service cloud management ,35
aws cloud platform,amazon web service cloud platform ,35
aws cloud service,amazon web service cloud service ,35
aws cloud-based,amazon web service cloud-based ,35
aws development,amazon web service development ,35
aws s3,amazon web service s3 ,35
aws services,amazon web service services ,35
aws stack,amazon web service stack ,35
ax erp,ax erp ,101
axact studios,axact studios ,102
axios,axios ,103
azure,azure ,104
azure cloud services,azure cloud services ,104
azure development,azure development ,104
azure infrastructure monitoring,azure infrastructure monitoring ,104
azure paas,azure platform as a service ,104
babel,babel ,105
back & front-end development,back & front-end development ,106
back end components,back end components ,107
back end development,back end development ,108
back end programming,back end programming ,109
back end supervision,back end supervision ,110
back end systems,back end systems ,111
back end web development,back end web development ,108
back-end,back-end ,112
back-end application server,back-end application server ,112
back-end architecture,back-end architecture ,112
back-end components,back-end components ,112
back-end data,back-end data ,112
back-end framework,back-end framework ,112
back-end language,back-end language ,112
back-end languages,back-end languages ,112
back-end portals,back-end portals ,112
back-end processing,back-end processing ,112
back-end programming,back-end programming ,112
back-end services,back-end services ,112
back-end setup,back-end setup ,112
back-end stack,back-end stack ,112
back-end stacks,back-end stacks ,112
back-end web,back-end web ,112
back-end web interface,back-end web interface ,112
back-ends,back-ends ,112
backbone,backbone ,112
backbone.js,backbone.js ,112
backbonejs,backbonejs ,112
backend,backend ,112
backend api,backend application programming interface ,112
backend apis,backend apis ,112
backend apis development,backend apis development ,112
backend architecture,backend architecture ,112
backend code,backend code ,112
backend coding,backend coding ,112
backend dashboard,backend dashboard ,112
backend data,backend data ,112
backend data services,backend data services ,112
backend engineering,backend engineering ,112
backend programming,backend programming ,112
backend server,backend server ,112
backend server-side coding,backend server-side coding ,112
backend services,backend services ,112
backend stack,backend stack ,112
backend support,backend support ,112
backend team,backend team ,112
balsamiq,balsamiq ,113
bangalore,bangalore ,114
bar graphs,bar graphs ,115
barcode,barcode ,116
base64,base64 ,117
basecamp,basecamp ,118
bash,bash ,119
bash scripting,bash scripting ,119
basics,basics ,120
battery management,battery management ,121
bca,bca ,122
bcg,bcg ,122
bdd,bdd ,123
beatroute,beatroute ,124
beautifulsoup,beautifulsoup ,125
beaver,beaver ,126
behavior-driven,behavior-driven ,127
bem model,bem model ,128
benchmarking,benchmarking ,129
bert,bert ,130
bi tool,bi tool ,131
bi tools,bi tools ,131
big data,big data ,132
big data analytics,big data analytics ,132
big data backend,big data backend ,132
big data pyspark,big data pyspark ,132
bigquery,bigquery ,133
bilzo printer driver,bilzo printer driver ,134
bit bucket,bit bucket ,135
bitbucket,bitbucket ,135
bitcoin,bitcoin ,136
bitmap,bitmap ,137
black box testing,black box testing ,138
black-box testing,black-box testing ,138
blackboard,blackboard ,139
blender,blender ,140
bloc pattern,bloc pattern ,141
blockchain,blockchain ,142
blockchain analysis,blockchain analysis ,142
blockchain contracts,blockchain contracts ,142
blockchain development,blockchain development ,142
blockchain logic,blockchain logic ,142
blockchain protocol,blockchain protocol ,142
blockchain technologies,blockchain technologies ,142
blockchain technology,blockchain technology ,142
blockchains,blockchains ,142
blog,blog ,143
blogging,blogging ,144
blue pill board,blue pill board ,145
bluedart,bluedart ,146
bluetooth,bluetooth ,147
bluetooth based,bluetooth based ,147
bny mellon,bny mellon ,148
bochum,bochum ,149
bootstrap,bootstrap ,150
bootstrap framework,bootstrap framework ,150
bootstrap frameworks,bootstrap frameworks ,150
bootstrap-based web applications,bootstrap-based web applications ,151
bootstrap4,bootstrap4 ,150
bootstraps,bootstraps ,150
boqs,boqs ,152
botbaba,botbaba ,153
boto3,boto3 ,154
brainstorming,brainstorming ,155
brand strategizing,brand strategizing ,156
brizy,brizy ,157
broadcasets,broadcasets ,158
browser rendering,browser rendering ,159
browser rendering behavior,browser rendering behavior ,159
browser testing,browser testing ,160
bubble,bubble ,161
bug fixing,bug fixing ,162
bug testing,bug testing ,163
bug tracking,bug tracking ,164
bug-fixing,bug-fixing ,162
bugs,bugs ,165
build apis,build apis ,166
build testing,build testing ,167
build tools,build tools ,168
building,building ,169
building analysis,building analysis ,169
building angular,building angular ,169
building api repositories,building application programming interface repositories ,169
building apis,building apis ,169
building apk,building apk ,169
building desktop applications,building desktop applications ,169
building iot devices,building iot devices ,169
building mobile applications,building mobile applications ,169
building rest apis,building rest apis ,169
building ui as,building user interface as ,169
building web application,building web application ,169
building web services,building web services ,169
buildroot,buildroot ,170
bulma,bulma ,171
burp suite,burp suite ,172
business analysis,business analysis ,173
business analytics,business analytics ,173
business development,business development ,174
business growth,business growth ,175
c,c ,176
c programming,c programming ,176
c sensors,c sensors ,176
c sharp,c sharp ,177
c#,c sharp ,177
c# development,c sharp development ,177
c#.net,c#.net ,177
c++,c++ ,178
cpp,c++ ,178
c++ development,c++ development ,178
c-based libraries,c-based libraries ,179
cache,cache ,180
caches,caches ,180
cae,cae ,181
cake,cake ,181
cakephp,cakephp ,182
callbacks,callbacks ,183
camera,camera ,184
camera optimization,camera optimization ,184
can,can ,181
canvas,canvas ,185
canvas object creation,canvas object creation ,185
card view,card view ,186
cassandra,cassandra ,187
cctv,cctv ,188
cd,cd ,189
cdac,cdac ,190
celery,celery ,191
centos,centos ,192
centos server,centos server ,192
cfd,cfd ,193
charge point management,charge point management ,194
chat,chat ,195
chat apis,chat apis ,195
chat bot,chat bot ,195
chatbot,chatbot ,195
chatbot design,chatbot design ,195
chatbot development,chatbot development ,195
chatbot models,chatbot models ,195
chatbots,chatbots ,195
chef,chef ,196
chennai,chennai ,197
chrome,chrome ,198
chrome developer console,chrome developer console ,198
chrome inspector,chrome inspector ,198
ci,ci ,199
cicd pipeline,cicd pipeline ,200
circuit design,circuit design ,201
citrine web technologies,citrine web technologies ,202
cleaning,cleaning ,203
client-side,client-side ,204
client-side scripting,client-side scripting ,204
clocr,clocr ,205
clojurescrip,clojurescrip ,206
clojurescript,clojurescript ,206
closure,closure ,207
cloud,cloud ,205
cloud architecting,cloud architecting ,205
cloud architecture,cloud architecture ,205
cloud automation,cloud automation ,205
cloud automation engineering,cloud automation engineering ,205
cloud consulting,cloud consulting ,205
cloud formation,cloud formation ,205
cloud formation templates,cloud formation templates ,205
cloud hosting,cloud hosting ,205
cloud infrastructure,cloud infrastructure ,205
cloud integration,cloud integration ,205
cloud message apis,cloud message apis ,205
cloud messaging,cloud messaging ,205
cloud migration,cloud migration ,205
cloud platform technologies,cloud platform technologies ,205
cloud platforms,cloud platforms ,205
cloud security,cloud security ,205
cloud server,cloud server ,205
cloud server deployment,cloud server deployment ,205
cloud servers,cloud servers ,205
cloud service providers,cloud service providers ,205
cloud technology,cloud technology ,205
cloud testing,cloud testing ,205
cloudops,cloudops ,208
cloudwatch,cloudwatch ,209
cms,cms ,210
cms framework,cms framework ,210
cnn,cnn ,181
cnn models,cnn models ,181
coap,coap ,211
coco formats,coco formats ,212
cocoa,cocoa ,213
cocoapods,cocoapods ,214
code analysis,code analysis ,215
code fix,code fix ,216
code testing,code testing ,217
codebase,codebase ,218
codecanyon,codecanyon ,219
codeigniter,codeigniter ,220
codeignitor,codeignitor ,220
coder,coder ,221
coding,coding ,222
coding content creation,coding content creation ,222
coding languages,coding languages ,222
coding platforms,coding platforms ,222
cognitive behavior therapy,cognitive behavior therapy ,223
cognitive computing,cognitive computing ,224
colab,colab ,225
coldfusion,coldfusion ,226
collection framework,collection framework ,227
combinatorics,combinatorics ,228
commit,commit ,229
compiling,compiling ,230
component designing,component designing ,231
component testing,component testing ,232
computer networks,computer networks ,233
computer software validation,computer software validation ,234
computer validation,computer validation ,234
computer vision,computer vision ,235
computer vision algorithm,computer vision algorithm ,235
computer vision algorithms,computer vision algorithms ,235
computer vision system development,computer vision system development ,235
computers,computers ,236
conceptualization,conceptualization ,237
conceptualizing,conceptualizing ,237
concurrency management,concurrency management ,238
conditional probabilities,conditional probabilities ,239
configuration management,configuration management ,240
configurator,configurator ,241
configuring,configuring ,241
configuring operating systems,configuring operating systems ,241
configuring selenium test environment,configuring selenium test environment ,241
configuring systems,configuring systems ,241
configuring virtual networks,configuring virtual networks ,241
confluence,confluence ,242
consensus algorithms,consensus algorithms ,243
construct game development,construct game development ,244
consulting,consulting ,205
container management,container management ,245
container tools,container tools ,246
containerization,containerization ,246
content delivery management,content delivery management ,247
content design methodologies,content design methodologies ,248
content management systems,content management systems ,249
context apis,context apis ,250
continuous integration,continuous integration ,251
control panel,control panel ,252
control system design,control system design ,253
conversation flow development,conversation flow development ,254
converting design,converting design ,255
convolution neural network,convolution neural network ,256
convolutional neural networks,convolutional neural networks ,256
copywriting,copywriting ,257
corda,corda ,213
cordova,cordova ,213
cordova for,cordova for ,213
core,core ,258
coredata,coredata ,259
coreldraw,coreldraw ,260
corephp,corephp ,182
couchdb,couchdb ,261
cp,competitive programming ,262
cpanel,cpanel ,263
createjs,createjs ,264
crm,crm ,265
crm & erp,crm & erp ,265
crm & erp systems,crm & erp systems ,265
crm implementation,crm implementation ,265
crms,crms ,265
cron,cron ,266
crud operations,crud operations ,205
cruxzen technologies,cruxzen technologies ,267
crypto,crypto ,268
crypto research,crypto research ,268
cryptography,cryptography ,269
crystal,crystal ,270
css,cascading style sheet ,271
css frameworks,cascading style sheet frameworks ,271
css libraries,cascading style sheet libraries ,271
css3,css3 ,272
cste,cste ,273
csv,csv ,274
csw2,csw2 ,275
ct pipeline,ct pipeline ,276
cts,cts ,210
cuda,cuda ,277
custom development,custom development ,278
customizing,customizing ,279
cv,cv ,280
cvat,cvat ,195
cvs,cvs ,210
cyber security,cyber security ,281
cypress,cypress ,282
d3,d3 ,283
d3.js,d3.js ,284
dabur,dabur ,285
dagger,dagger ,286
dagger2,dagger2 ,286
dart,dart ,287
dart development,dart development ,287
dart language,dart language ,287
dart programming,dart programming ,287
dart programming language,dart programming language ,287
dart web services,dart web services ,287
dashboard design,dashboard design ,288
dashboard designing,dashboard designing ,289
dashboard development,dashboard development ,290
dashboarding,dashboarding ,291
dashboards,dashboards ,291
data analysis,data analysis ,292
data analytics,data analytics ,292
data annotation,data annotation ,293
data annotation tools,data annotation tools ,293
data center management,data center management ,294
data compression,data compression ,295
data engineering,data engineering ,296
data extraction,data extraction ,297
data extraction modules,data extraction modules ,297
data feeds,data feeds ,298
data flow diagrams,data flow diagrams ,299
data gathering,data gathering ,300
data indexing,data indexing ,301
data interchange formats,data interchange formats ,302
data labeling,data labeling ,303
data management,data management ,294
data migration,data migration ,304
data mining,data mining ,305
data modeling,data modeling ,303
data pipeline,data pipeline ,306
data processing,data processing ,307
data science,data science ,308
data science libraries,data science libraries ,308
data scraping,data scraping ,309
data storage,data storage ,310
data structure,data structure ,311
data structure libraries,data structure libraries ,311
data structures,data structures ,311
data visualization,data visualization ,312
data visualization apps,data visualization apps ,312
data visualization tools,data visualization tools ,312
data-driven dashboards,data-driven dashboards ,291
database & server,database & server ,313
database administration,database administration ,314
database architecture,database architecture ,315
database architectures,database architectures ,315
database building,database building ,316
database crawling,database crawling ,317
database creation,database creation ,318
database design,database design ,319
database designing,database designing ,320
database designs,database designs ,319
database handeling,database handeling ,321
database handling,database handling ,321
database integration,database integration ,322
database layers,database layers ,323
database management,database management ,324
database management system,database management system ,324
database management tools,database management tools ,324
database mapping,database mapping ,325
database optimization,database optimization ,326
database queries,database queries ,327
database scaling,database scaling ,328
database schema,database schema ,329
database schema design,database schema design ,329
database schemas,database schemas ,329
database server,database server ,313
database structure,database structure ,311
database system,database system ,324
database systems,database systems ,324
database technologies,database technologies ,330
database technology,database technology ,330
database testing,database testing ,331
databases,databases ,332
dataset conversion,dataset conversion ,333
dataset management,dataset management ,334
dataset search,dataset search ,335
datastore,datastore ,310
dax functions,dax functions ,336
db,database ,332
db design,database design ,332
db designing,database designing ,332
db2,db2 ,337
dbms,database management system ,332
dc-dc converters,dc-dc converters ,338
debian,debian ,339
debug web applications,debug web applications ,340
debugger,debugger ,341
debuggers,debuggers ,341
debugging,debugging ,341
debugging tools,debugging tools ,341
decision tree,decision tree ,342
deconstructing,deconstructing ,343
deep learning,deep learning ,344
deep learning apis,deep learning apis ,344
deep learning artifical intelligence,deep learning artifical intelligence ,344
deep learning development,deep learning development ,344
deep learning experience,deep learning experience ,344
deep learning framework,deep learning framework ,344
deep learning inference,deep learning inference ,344
deep learning model,deep learning model ,344
deep learning models,deep learning models ,344
deep learning research,deep learning research ,344
deep linking,deep linking ,345
defect logging,defect logging ,346
defect reporting,defect reporting ,347
defect tracking,defect tracking ,348
defect tracking tool,defect tracking tool ,348
delhivery,delhivery ,349
delta,delta ,350
deluge,deluge ,351
deluge scripting,deluge scripting ,351
dependency injection,dependency injection ,352
deploy,deploy ,353
deploy api,deploy application programming interface ,353
deploying apk,deploying apk ,354
deploying testflight,deploying testflight ,355
deploying the system,deploying the system ,356
deployment,deployment ,357
design,design ,339
design analysis,design analysis ,339
design pages,design pages ,339
design software,design software ,339
design suite,design suite ,339
design system,design system ,339
design tools,design tools ,339
designer development,designer development ,358
designing,designing ,341
designing interfaces,designing interfaces ,341
designing logic,designing logic ,341
designing synapse homeserver,designing synapse homeserver ,341
designing the back-end architecture,designing the back-end architecture ,341
designing visual imagery,designing visual imagery ,341
designing web services,designing web services ,341
desktop os,desktop operating system ,359
desktops,desktops ,360
develop,develop ,361
develop apis,develop apis ,361
develop tools,develop tools ,361
developing,developing ,362
developing android apps,developing android apps ,362
developing apis,developing apis ,362
developing front-end files,developing front-end files ,362
developing game,developing game ,362
developing machine learning systems,developing machine learning systems ,362
developing mobile application,developing mobile application ,362
developing predictive algorithms,developing predictive algorithms ,362
developing product analysis,developing product analysis ,362
developing software,developing software ,362
developing systems,developing systems ,362
developing user interfaces,developing user interfaces ,362
developing web,developing web ,362
developing web applications,developing web applications ,362
developing web services,developing web services ,362
developing websites,developing websites ,362
development framework,development framework ,363
development methodologies,development methodologies ,364
development pipelines,development pipelines ,365
development tests,development tests ,366
development tools,development tools ,367
device driver development,device driver development ,368
devops,devops ,369
devops development,devops development ,369
devops engineering,devops engineering ,369
devops tools,devops tools ,369
devsecops,devsecops ,360
devsecops engineering,devsecops engineering ,360
dfd,dfd ,370
dfrobot,dfrobot ,371
dhcp,dhcp ,372
di,di ,373
diagnostic tests,diagnostic tests ,374
dialogflow,dialogflow ,375
dialux,dialux ,376
dicom,dicom ,377
digital ethics,digital ethics ,378
digital signal processing,digital signal processing ,379
digital transformation,digital transformation ,380
digitalocean,digitalocean ,381
disassembly,disassembly ,382
distributed computing,distributed computing ,383
distributed edge computing,distributed edge computing ,383
divi,divi ,384
divineshop,divineshop ,385
django,django ,386
django development,django development ,386
djnago,djnago ,386
dl framework,deep learning framework ,344
dlt,dlt ,387
dmrc,dmrc ,388
dns,domain name system ,389
docker,docker ,390
docker container,docker container ,390
document management software,document management software ,391
documentation,documentation ,392
documenting,documenting ,392
dom manipulation,dom manipulation ,393
dot net,dot net ,394
dreamweaver,dreamweaver ,395
driver development,driver development ,368
drupal,drupal ,396
drupal development,drupal development ,396
ds,ds ,397
dtp,dtp ,398
durandaljs,durandaljs ,399
dynamic data storage,dynamic data storage ,310
dynamodb,dynamodb ,400
e-commerce,e-commerce ,401
e-commerce management,e-commerce management ,401
e-commerce platform,e-commerce platform ,401
e2e flow,e2e flow ,402
eaglecad,eaglecad ,403
earth observation,earth observation ,404
ebola,ebola ,405
ec2,ec2 ,406
eclipse,eclipse ,407
eclipse ide,eclipse ide ,407
ecommerce,ecommerce ,401
editing,editing ,408
effective apis,effective apis ,409
elastic search,elastic search ,410
elasticsearch,elasticsearch ,410
elasticsearch queries,elasticsearch queries ,410
electric drive subsystems,electric drive subsystems ,411
electron.js,electron.js ,412
electronjs,electronjs ,412
elementor,elementor ,413
email,email ,414
email hosting,email hosting ,414
email manager tool,email manager tool ,414
email marketing,email marketing ,414
email server,email server ,414
email support,email support ,414
embedded,embedded ,415
embedded gui development,embedded graphical user interface development ,415
embedded processors,embedded processors ,415
embedded programming,embedded programming ,415
embedded system software design,embedded system software design ,415
embedded systems,embedded systems ,415
embedded ui design,embedded user interface design ,415
ember.js,ember.js ,416
end to end,end to end ,417
end to end design,end to end design ,417
end to end feature development,end to end feature development ,417
end to end testing,end to end testing ,417
end to end website development,end to end website development ,417
end to end websites,end to end websites ,417
end-to-end,end-to-end ,417
end-to-end development,end-to-end development ,417
end-to-end projects,end-to-end projects ,417
end-to-end testing,end-to-end testing ,417
energy management system,energy management system ,418
engineer,engineer ,419
entity framework,entity framework ,420
enzyme,enzyme ,421
eos,eos ,422
erode,erode ,423
erp,erp ,424
erpnext,erpnext ,425
error correction,error correction ,426
error detection,error detection ,427
es5,es5 ,428
es6,es6 ,428
es6+,es6+ ,428
esp32,esp32 ,429
estimating,estimating ,430
ethercat,ethercat ,431
ethereum,ethereum ,431
ethical hacking,ethical hacking ,432
etl tools,etl tools ,433
eurus noc ticketing,eurus noc ticketing ,434
event-tracking analytics,event-tracking analytics ,435
excel,excel ,436
experimentation,experimentation ,437
exploratory testing,exploratory testing ,438
express,express ,439
express development,express development ,439
express js,express js ,439
express.js,express.js ,439
expressjs,expressjs ,439
exterior calculus,exterior calculus ,440
external apis,external apis ,441
facebook marketing,facebook marketing ,442
facial expressions recognition,facial expressions recognition ,443
facial feature simulations,facial feature simulations ,444
fastify,fastify ,445
feature development,feature development ,446
fedex,fedex ,447
feednet solutions,feednet solutions ,448
figma,figma ,449
figma designs,figma designs ,449
file system programming,file system programming ,450
file transfer protocol,file transfer protocol ,451
filters,filters ,452
firebase,firebase ,453
firebug,firebug ,454
firestore,firestore ,455
firewalls,firewalls ,456
firmware engineering,firmware engineering ,457
firmware programming,firmware programming ,458
fixing bugs,fixing bugs ,459
fixing code errors,fixing code errors ,460
fixing programming,fixing programming ,461
flash,flash ,462
flash design,flash design ,462
flask,flask ,462
flipkart,flipkart ,463
flits,flits ,464
flow charts,flow charts ,465
flowcharts,flowcharts ,465
flutter,flutter ,466
flutter app development,flutter application development ,466
flutter development,flutter development ,466
flutter mobile development,flutter mobile development ,466
flux,flux ,467
fog computing,fog computing ,468
forecasting algorithms,forecasting algorithms ,469
forensics analysis,forensics analysis ,470
framework,framework ,471
frameworks,frameworks ,471
frappe,frappe ,472
fraud detection tool,fraud detection tool ,473
front and,front and ,474
front and back-end,front and back-end ,474
front end,front end ,474
front end algorithms,front end algorithms ,474
front end endpoints,front end endpoints ,474
front end framework,front end framework ,474
front end languages,front end languages ,474
front end optimization,front end optimization ,474
front end platform,front end platform ,474
front end technologies,front end technologies ,474
front end web applications,front end web applications ,474
front end web design,front end web design ,474
front end web development,front end web development ,474
front-end,front-end ,474
front-end architecture,front-end architecture ,474
front-end build pipelines,front-end build pipelines ,474
front-end build tools,front-end build tools ,474
front-end coding,front-end coding ,474
front-end components,front-end components ,474
front-end development,front-end development ,474
front-end development tools,front-end development tools ,474
front-end elements,front-end elements ,474
front-end frameworks,front-end frameworks ,474
front-end interface,front-end interface ,474
front-end interfaces,front-end interfaces ,474
front-end languages,front-end languages ,474
front-end libraries,front-end libraries ,474
front-end pages,front-end pages ,474
front-end programming,front-end programming ,474
front-end react,front-end react ,474
front-end systems,front-end systems ,474
front-end technologies,front-end technologies ,474
front-end ui,front-end user interface ,474
front-end web application logic,front-end web application logic ,474
front-end web applications,front-end web applications ,474
front-end web development,front-end web development ,474
frontend,frontend ,474
frontend build pipelines,frontend build pipelines ,474
frontend design,frontend design ,474
frontend designing,frontend designing ,474
frontend development,frontend development ,474
frontend interface,frontend interface ,474
frontend technologies,frontend technologies ,474
frontend technology,frontend technology ,474
frontend web development,frontend web development ,474
ftp,ftp ,475
full stack,full stack ,476
full stack development,full stack development ,476
full stack iot development,full stack iot development ,476
full stack software development,full stack software development ,476
full-stack,full-stack ,476
full-stack development,full-stack development ,476
full-stack engineering,full-stack engineering ,476
full-stack machine learning development,full-stack machine learning development ,476
full-stack web development,full-stack web development ,476
functional and,functional and ,477
functional programming,functional programming ,478
functional testing,functional testing ,479
fuzzing,fuzzing ,480
fx simulation,fx simulation ,481
fx tools,fx tools ,482
