game design,game design ,483
game development,game development ,484
game engine development,game engine development ,484
game logic,game logic ,485
game testing,game testing ,486
gans,gans ,487
gati,gati ,488
gcp platform,google cloud platform platform ,489
gdd,gdd ,490
geomatics,geomatics ,491
geth,geth ,492
gimp,gimp ,493
gis,gis ,494
git,git ,494
git commands,git commands ,494
git repository,git repository ,494
github repositories,github repositories ,495
github repository,github repository ,495
gitlab,gitlab ,496
gitops,gitops ,497
glide,glide ,498
gmip,gmip ,499
gmp software,gmp software ,500
go,go ,501
go programming,go programming ,501
godaddy,godaddy ,502
godaddy web hosting,godaddy web hosting ,502
golang,golang ,503
google,google ,489
google actions,google actions ,489
google analytics,google analytics ,489
google apis,google apis ,489
google business management,google business management ,489
google cloud,google cloud ,489
google cloud computing,google cloud computing ,489
google cloud platform,google cloud platform ,489
google cloud storage,google cloud storage ,489
google compute engine,google compute engine ,489
google data studio,google data studio ,489
google dialogflow,google dialogflow ,489
google dialogue flow,google dialogue flow ,489
google docs,google docs ,489
google maps,google maps ,489
google play console,google play console ,489
google play store,google play store ,489
google play stores,google play stores ,489
google suite,google suite ,489
google vision,google vision ,489
gps,gps ,494
gpt,gpt ,494
gpt-3,gpt-3 ,504
gpu computing,graphics processing unit computing ,505
gradle,gradle ,506
grafan,grafan ,507
grafana,grafana ,507
graph databases,graph databases ,508
graph plotting,graph plotting ,509
graphic design,graphic design ,510
graphic designing,graphic designing ,511
graphical programming platform,graphical programming platform ,512
graphics designing,graphics designing ,511
graphics rendering,graphics rendering ,511
graphql,graphql ,513
groovy,groovy ,514
grpc,grpc ,515
grunt,grunt ,516
gsm,gsm ,517
gst,gst ,517
gui,graphical user interface ,518
gui testing,graphical user interface testing ,518
gulp.js,gulp.js ,519
gunicorn,gunicorn ,520
gupshup,gupshup ,521
gutenberg,gutenberg ,522
gyroscope,gyroscope ,523
gyroscopes,gyroscopes ,523
hadoop,hadoop ,524
hadoop mapreduce,hadoop mapreduce ,524
handler,handler ,525
hardware,hardware ,526
hardware assembling,hardware assembling ,526
hardware engineering,hardware engineering ,526
hardware support,hardware support ,526
hbase,hbase ,527
hcl,hcl ,528
helpdesk,helpdesk ,529
heroku,heroku ,530
hibernate,hibernate ,531
hibernates,hibernates ,531
highcharts,highcharts ,532
hindi,hindi ,533
hive,hive ,534
hmi,hmi ,535
hook,hook ,536
hooks,hooks ,536
hosting,hosting ,537
hotfix releases,hotfix releases ,538
houdini,houdini ,539
hpanel,hpanel ,540
htc,htc ,541
html,html ,542
html 5,html 5 ,542
html codes,html codes ,542
html design,html design ,542
html web services,html web services ,542
html5,html5 ,542
html5 game development,html5 game development ,542
htmls,htmls ,542
http,http ,543
http api calls,http application programming interface calls ,543
http protocol,http protocol ,543
https,https ,543
hybrid application development,hybrid application development ,544
hyderabad,hyderabad ,545
hyperldger,hyperldger ,546
hyperledger,hyperledger ,546
hyperledger fabric,hyperledger fabric ,546
i-matrix automation,i-matrix automation ,547
i2c,i2c ,548
iaas,infrastructure as a service ,549
iap,iap ,550
ibeacon,ibeacon ,551
ibm,ibm ,552
icmp,icmp ,553
icos,icos ,554
ideate,ideate ,555
ideating,ideating ,556
identifying bugs,identifying bugs ,557
ids,ids ,558
iframes,iframes ,559
iiit,iiit ,560
iim,iim ,552
iis,iis ,552
iit,iit ,552
ilearn web interface,ilearn web interface ,561
illustrator,illustrator ,562
image authoring tools,image authoring tools ,563
image data cleaning,image data cleaning ,564
image data scraping,image data scraping ,565
image processing,image processing ,566
image processing algorithms,image processing algorithms ,566
image processing libraries,image processing libraries ,566
imap,imap ,550
importing data,importing data ,567
indesign,indesign ,568
indexeddb,indexeddb ,569
information architecture,information architecture ,570
infosys,infosys ,571
infra management,infra management ,572
infusionsoft,infusionsoft ,573
inkscape,inkscape ,574
innovating,innovating ,575
input system,input system ,576
insect pollinator conservation,insect pollinator conservation ,577
instagram,instagram ,578
instagram marketing,instagram marketing ,578
install testing,install testing ,579
installation engineering,installation engineering ,580
installing,installing ,581
instrumentation,instrumentation ,582
instrumentation tests,instrumentation tests ,582
integrate apis,integrate apis ,583
integrating api,integrating application programming interface ,584
integrating apis,integrating apis ,583
integrating information systems,integrating information systems ,585
integration of apis,integration of apis ,583
integration testing,integration testing ,586
integration tests,integration tests ,583
integrations,integrations ,587
integromat,integromat ,588
intellij,intellij ,589
interface design files,interface design files ,590
interfacing rest apis,interfacing rest apis ,591
internet marketing,internet marketing ,592
internet of things,internet of things ,593
interrupts testing,interrupts testing ,594
intrusion detection,intrusion detection ,595
investigating,investigating ,596
invision,invision ,568
iocl,iocl ,597
ionic,ionic ,598
ionic application development,ionic application development ,598
ionic based application,ionic based application ,598
ionic components,ionic components ,598
ionic development,ionic development ,598
ionic framework,ionic framework ,598
ionic ios,ionic ios ,598
ionic ios mobile app,ionic ios mobile application ,598
ionic mobile apps,ionic mobile apps ,598
ionic mobile development,ionic mobile development ,598
ionic v3,ionic v3 ,598
ios,ios ,598
ios app,ios application ,598
ios app development,ios application development ,598
ios application,ios application ,598
ios artifical intelligence,ios artifical intelligence ,598
ios developers,ios developers ,598
ios development,ios development ,598
ios devices,ios devices ,598
ios frameworks,ios frameworks ,598
ios mobile apps,ios mobile apps ,598
ios model,ios model ,598
ios native,ios native ,598
ios platform,ios platform ,598
ios platforms,ios platforms ,598
ios sdk,ios sdk ,598
ios swift,ios swift ,598
iot,iot ,598
iot and cloud,iot and cloud ,598
iot architecture,iot architecture ,598
iot based,iot based ,598
iot based monitoring,iot based monitoring ,598
iot cloud module,iot cloud module ,598
iot dashboard,iot dashboard ,598
iot deployments,iot deployments ,598
iot development team,iot development team ,598
iot device,iot device ,598
iot device management,iot device management ,598
iot devices,iot devices ,598
iot gateway medium,iot gateway medium ,598
iot product design,iot product design ,598
iot protocols,iot protocols ,598
ip,ip ,599
ipa,ipa ,600
ipad,ipad ,600
iphone,iphone ,601
iphone sdk,iphone sdk ,601
iphone technical,iphone technical ,601
ips,ips ,600
ipsec,ipsec ,602
ipv4,ipv4 ,603
ipv6,ipv6 ,603
isomorphic react,isomorphic react ,604
isro,isro ,605
istqb,istqb ,606
isv software,isv software ,607
it cloud administration,it cloud administration ,608
it support,it support ,609
it-ops,it-ops ,610
iterating,iterating ,556
j,j ,611
j2ee stack,j2ee stack ,612
j2ee technologies,j2ee technologies ,613
jasper reporting framework,jasper reporting framework ,614
java,java ,615
java 8,java 8 ,615
java apis,java apis ,615
java app development,java application development ,615
java based ide,java based ide ,615
java development,java development ,615
java dom,java dom ,615
java framework,java framework ,615
java fresher,java fresher ,615
java language,java language ,615
java programming,java programming ,615
java spring boot,java spring boot ,615
java spring boot development,java spring boot development ,615
java spring framework,java spring framework ,615
java trainee,java trainee ,615
java-based,java-based ,616
javafx,javafx ,615
javascript,javascript ,617
javascript based frameworks,javascript based frameworks ,617
javascript development,javascript development ,617
javascript framework,javascript framework ,617
javascript frameworks,javascript frameworks ,617
javascripts,javascripts ,617
jboss,jboss ,618
jdbc,jdbc ,619
jee,jee ,620
jenkins,jenkins ,621
jest,jest ,622
jetson,jetson ,623
jindal,jindal ,624
jiosaavan,jiosaavan ,625
jira,jira ,626
jira bug,jira bug ,626
jira tool,jira tool ,626
jlcpcb,jlcpcb ,627
jmeter,jmeter ,628
jolt,jolt ,629
joomla,joomla ,630
jpa,jpa ,631
jpg,jpg ,631
jq,jq ,632
jquery,jquery ,633
js,js ,634
js debugging,js debugging ,634
js frameworks,js frameworks ,634
js stack,js stack ,634
json,json ,635
json api,json application programming interface ,635
json data,json data ,635
json objects,json objects ,635
json parsing,json parsing ,635
jsonpowerdb,jsonpowerdb ,636
jsp,jsp ,637
jsx,jsx ,637
junit,junit ,638
jwt,jwt ,639
k8 design,k8 design ,640
kafka,kafka ,641
kali,kali ,642
kanban,kanban ,643
karate,karate ,644
katalon studio,katalon studio ,645
keil,keil ,646
keras,keras ,647
keypoint detection,keypoint detection ,648
keyword research,keyword research ,649
kibana,kibana ,650
kibana visualization,kibana visualization ,650
kicad,kicad ,651
kimchi,kimchi ,652
kml,kml ,653
knockoutjs,knockoutjs ,654
kolkata,kolkata ,655
kotlin,kotlin ,656
kubernetes,kubernetes ,657
kvm,kvm ,658
l1 it,l1 it ,659
l2,l2 ,660
l3,l3 ,661
l3 team,l3 team ,661
lambda,lambda ,662
lamda,lamda ,662
lamp,lamp ,663
lamp stack,lamp stack ,663
lan,lan ,664
laravel,laravel ,665
laravel development,laravel development ,665
laravel framework,laravel framework ,665
laravel model,laravel model ,665
lead analysis,lead analysis ,666
less,less ,667
linear algebra,linear algebra ,668
link building,link building ,669
linkedin,linkedin ,670
linux administration,linux administration ,671
linux based infrastructure,linux based infrastructure ,672
linux devops engineering,linux devops engineering ,673
linux distributions,linux distributions ,674
linux hosting,linux hosting ,675
linux management,linux management ,676
linux operating,linux operating ,677
linux shell scripting,linux shell scripting ,678
linux systems programming,linux systems programming ,679
liquid programming,liquid programming ,680
live streaming,live streaming ,681
load balancer,load balancer ,682
load balancers,load balancers ,682
load testing,load testing ,683
load tests,load tests ,684
localhost,localhost ,685
logic,logic ,686
logic flow,logic flow ,686
logical algorithm solving,logical algorithm solving ,687
logo designing,logo designing ,688
loops,loops ,689
lora gateway,lora gateway ,690
lorawan,lorawan ,691
lstm,lstm ,692
luis,luis ,693
lvgl,lvgl ,694
