1,
2,.apk
3,.json
4,.net frameworks and developemnt
5,
6,mobile game development
7,2d animation
8,
9,
10,3d animation
11,3ds-catia
12,
13,
14,abap prgramming
15,accelerometer
16,accunetix
17,acl
18,activemq
19,actix.rs
20,adaugeo technology
21,
22,adobe and related services
23,asp.net
24,aerospike
25,agile frameworks and development
26,ai
27,ajax
28,algorithms
29,algorithms
30,arm architecture and controllers
31,
32,alpha-beta testing
33,
34,am charts
35,aws
36,advanced micro devices
37,
38,data analysis
39,data analysis
40,analytics engine
41,data analysis
42,feature analysis
43,
44,
45,ananeo cloud
46,api development and testing
47,angular
48,animation
49,ann
50,ansible
51,ant design
52,ant design
53,
54,android open source project
55,apache scripting
56,
57,apns
58,
59,app analytics
60,app programming
61,app development
62,app designing
63,app engine
64,app testing
65,appdynamics business tools
66,appium
67,
68,asynchronisation
69,ar programming
70,
71,architecting
72,arcore
73,arduino
74,
75,
76,arcore
77,arrays
78,arrow function
79,
80,
81,
82,astrophysics
83,asynchonisation programming
84,asynchronous networking
85,asynchronous programming
86,
87,restful services
88,
89,atmega 328p
90,ar programming
91,authentication and authorization
92,
93,autocad
94,autodesk
95,automation
96,automation
97,automation
98,automation
99,automation
100,
101,
102,
103,axios
104,azure
105,babel
106,full-stack development
107,backend development
108,backend development
109,backend development
110,backend development
111,backend development
112,backend development
113,balsamiq
114,
115,
116,
117,
118,basecamp tech stack
119,bash scripting
120,
121,
122,
123,
124,beatroute
125,beautifulsoup
126,beaver library
127,
128,bem model
129,
130,bert
131,bi tools
132,big data
133,big query
134,
135,bit bucket
136,
137,bitmap
138,black-box testing
139,
140,
141,bloc pattern
142,blockchain
143,blogging
144,blogging
145,
146,blue dart
147,
148,
149,bochum
150,bootstrap framework
151,bootstrap framework
152,
153,botbaba
154,boto3
155,
156,brand strategizing
157,brizy
158,
159,
160,browser testing
161,bubble
162,bug testing
163,bug testing
164,bug testing
165,
166,
167,
168,
169,
170,buildroot
171,bulma
172,burp suite
173,business analytics
174,business development
175,business development
176,c
177,c sharp
178,c++
179,c
180,cache memory
181,cnn
182,php
183,
184,
185,canvas
186,
187,cassandra
188,
189,ci/cd
190,
191,celery
192,centos
193,
194,
195,chatbot development
196,
197,
198,chrome development tools
199,ci/cd
200,ci/cd
201,circuit design
202,
203,
204,client-side scripting
205,cloud development
206,clojurescript
207,
208,cloud ops
209,cloudwatch
210,cms framework
211,
212,coco formats
213,
214,
215,code analysis
216,code analysis
217,code testing
218,
219,
220,codeignitor
221,
222,programming
223,
224,cognitive computing
225,google colab
226,
227,java collection framework
228,combinatorics
229,
230,
231,component designing
232,component testing
233,computer networking
234,
235,computer vision
236,
237,
238,parallel programming
239,probability
240,
241,
242,
243,consensus algorithms
244,game development
245,container tools
246,container tools
247,content delivery management
248,design methodologies
249,cms
250,
251,ci/cd
252,
253,system design
254,
255,
256,cnn
257,
258,
259,
260,coreldraw
261,couch db
262,programming
263,
264,createjs
265,erp systems
266,automation
267,
268,
269,cryptography
270,
271,css
272,css
273,
274,
275,
276,ct pipeline
277,cuda commands
278,
279,
280,
281,cyber security
282,cypress
283,d3.js
284,d3.js
285,
286,dagger
287,dart development
288,dashboard designing
289,dashboard designing
290,dashboard development
291,dashboard development
292,data analytics
293,data annotation
294,
295,data compression techniques
296,data engineering
297,data extraction
298,
299,data flow diagrams
300,data engineering
301,indexing
302,
303,data modelling
304,
305,data extraction
306,
307,data processing
308,data science
309,web scraping
310,
311,data structures
312,data visualization
313,databases
314,database administration
315,database
316,database
317,database crawling
318,database
319,database designing
320,database designing
321,database
322,database
323,database
324,dbms
325,database operations
326,database operations
327,database operations
328,database operations
329,database schema design
330,database operations
331,
332,
333,
334,
335,
336,
337,
338,
339,designing
340,debugging
341,debugging
342,decision tree
343,
344,deep learning
345,deep linking
346,
347,
348,
349,
350,
351,deluge scripting
352,dependency injection
353,deployment
354,deployment
355,deployment
356,deployment
357,deployment
358,
359,
360,
361,
362,
363,
364,developemnt methodologies
365,
366,
367,
368,
369,devops
370,data flow diagrams
371,dfrobot
372,
373,
374,
375,
376,dialux
377,dicom
378,
379,
380,
381,
382,
383,distributed computing
384,divi
385,
386,django
387,distributed ledger technology
388,
389,dns
390,docker
391,
392,documentation
393,dom
394,.net
395,dreamweaver
396,drupal
397,data structures
398,
399,durandal
400,dynamo db
401,
402,
403,eaglecad
404,
405,
406,aws
407,eclipse ide
408,editing
409,
410,elastic search
411,
412,electron.js
413,elementor
414,email manager tool
415,embedded system softwares design and development
416,ember.js
417,
418,
419,
420,
421,
422,eos.io
423,
424,
425,
426,
427,
428,es5
429,
430,
431,ethereum
432,ethical hacking
433,etl tools
434,
435,
436,ms-excel
437,
438,
439,express.js
440,
441,
442,fb marketing
443,facial expression recognition
444,facial feature simulations
445,fastify
446,feature development
447,
448,feednet solutions
449,figma
450,
451,
452,
453,firebase
454,
455,
456,
457,
458,
459,
460,
461,
462,flash
463,
464,
465,
466,flutter
467,flux
468,fog computing
469,forecasting algorithms
470,forensic analysis
471,
472,frappe
473,fraud detection tools
474,front-end development
475,
476,full-stack development
477,
478,functional programming
479,functional testing
480,
481,
482,
483,game designing
484,game development
485,game development
486,game testing
487,gans
488,gati
489,gcp
490,
491,
492,go ethereum
493,gimp
494,git
495,github
496,gitlab
497,gitops
498,glide
499,gimp
500,gmp software
501,go
502,web hosting
503,go
504,gpt-3
505,gpu computing
506,gradle
507,grafana
508,graph databases
509,graph plotting
510,graph designing
511,graph designing
512,
513,graphql
514,
515,grpc
516,grunt
517,gsm
518,gui testing
519,gulp.js
520,gunicorn
521,
522,
523,gyroscope
524,hadoop
525,
526,hardware engineering
527,hbase
528,
529,
530,heroku
531,hibernate
532,
533,
534,apache hive
535,
536,hooks
537,web hosting
538,
539,
540,hpanel
541,
542,html
543,http protocols
544,hybrid application development
545,
546,hyperledger
547,automation
548,i2c
549,iaas
550,
551,
552,
553,
554,
555,
556,
557,
558,intrusion detection system
559,iframes
560,
561,
562,
563,image authoring tools
564,image processing
565,image processing
566,image processing
567,
568,invision
569,index db
570,
571,
572,
573,
574,inkscape
575,
576,
577,
578,instagram marketing
579,application installation and testing
580,
581,application installation and testing
582,instrumentation
583,
584,
585,
586,
587,
588,integromat
589,intellij
590,ui designing
591,
592,internet marketing
593,iot
594,
595,
596,
597,
598,ionic application development
599,
600,
601,
602,
603,
604,react.js
605,
606,
607,isv software
608,cloud administration
609,
610,it ops
611,
612,j2ee
613,j2ee
614,jasper reports
615,java
616,java
617,javascript
618,wildfly
619,jdbc
620,
621,jenkins
622,jest
623,
624,
625,
626,jira tool
627,
628,
629,
630,
631,
632,jquery
633,jquery
634,javascript
635,json
636,power db
637,
638,junit
639,jwt
640,kubernetes
641,kafka
642,kali
643,kanban
644,
645,katalon studio
646,keil
647,keras
648,
649,keyword research
650,kibana
651,kicad
652,kimchi
653,keyhole markup language
654,knockout.js
655,
656,kotlin
657,kubernetes
658,kernel based virtual machine
659,l1 cache
660,l2 cache
661,
662,aws
663,lamp stack
664,
665,laravel
666,
667,
668,algebra
669,
670,
671,linux
672,linux
673,devops
674,linux
675,linux
676,linux
677,linux
678,shell scripting
679,system programming
680,liquid programming
681,
682,load balancer
683,load testing
684,load testing
685,
686,
687,
688,logo designing
689,
690,lora gateway
691,
692,lstm
693,luis
694,lvgl
695,
696,
697,
698,ml
699,
700,magneto development
701,
702,
703,
704,software testing
705,
706,mapreduce
707,maria db
708,
709,
710,
711,
712,markup languages
713,material designing
714,mathematics
715,matlab
716,matplotlib
717,apache maven
718,
719,
720,
721,
722,mcv framework
723,mean stack
724,
725,
726,
727,memory networks
728,
729,mercurial
730,
731,mern stack
732,metastack
733,
734,
735,micro-controllers
736,microservices
737,microservcies
738,azure
739,app development
740,app development
741,app development
742,app development
743,app development
744,app development
745,mocha
746,
747,
748,
749,mvc framework
750,
751,
752,mojoloicious
753,
754,mongodb
755,moodle
756,
757,
758,ms-office
759,ms-excel
760,ms-word
761,
762,mysql
763,multi-threading
764,multi-threading
765,time series
766,mvm architecture
767,mxnet
768,
769,nagios
770,
771,
772,nlp
773,
774,android ndk
775,
776,ner
777,neo4j
778,nessus
779,next.js
780,netbeans
781,
782,network analytics tolls
783,network diagnostics
784,network engineering
785,network monitoring
786,
787,neural network
788,neural network
789,neural network
790,
791,
792,nginx
793,ngrx
794,
795,
796,nlu
797,
798,node.js
799,node-red
800,nodemcu
801,
802,nosql
803,nougat
804,npm
805,numpy
806,nunit
807,
808,oauth
809,object detection models
810,ood
811,oop
812,orm
813,
814,ood
815,objective-c
816,ocr system
817,oculus
818,odoo
819,
820,
821,
822,
823,
824,open gl
825,open source projects
826,
827,opencv
828,openresty
829,os
830,os
831,os
832,ocr system
833,
834,
835,
836,optum
837,oracle db
838,orchestration tools
839,
840,macos
841,
842,
843,owasp
844,
845,paas
846,pabbly
847,
848,page builder
849,
850,pandas
851,parallel programming
852,parallel programming
853,pascal
854,
855,
856,payment api
857,paymet api
858,payment api
859,payment api
860,payment api
861,payment api
862,
863,
864,pcb designing
865,penetration testing
866,performance testing
867,performance tuning
868,
869,perl
870,pern stack
871,
872,
873,
874,photoshop
875,php
876,
877,pi
878,
879,pig
880,pingal
881,
882,
883,
884,product planning
885,
886,
887,
888,plc programming
889,plesk
890,
891,
892,
893,
894,
895,
896,postgres
897,power bi
898,
899,
900,powerpoint
901,
902,
903,predictive modeling
904,graphs
905,
906,
907,
908,probability
909,animation
910,process engineering
911,product analysis
912,
913,product design
914,
915,
916,
917,
918,
919,
920,
921,
922,
923,
924,
925,proelium analytics
926,program development
927,
928,programming
929,prometheus
930,
931,proteus
932,prototyping
933,
934,proxy servers
935,
936,
937,
938,pure.js
939,purescript
940,
941,pwa
942,pycharm
943,python
944,pyqt
945,pyramid
946,pytest
947,pytorch
948,qa testing
949,
950,qlikview
951,qml
952,qt
953,qt
954,quality analysis
955,quality assurance
956,quality assurance
957,quantitative analysis
958,quantitative trading
959,
960,quectel
961,query languages
962,
963,
964,r
965,rabbitmq
966,redux
967,raidenbit
968,rapid prototyping
969,rapid testing
970,rasa
971,raspberry
972,rbac
973,rdbms
974,rds
975,react.js
976,react.js
977,
978,
979,react native
980,recycler view
981,designing
982,redhat technologies
983,redshift
984,reduxsauce
985,
986,
987,regression
988,reinforcement learning
989,rdbms
990,
991,require.js
992,requirement analysis
993,research methods
994,reskin
995,designing
996,web developemnt
997,rest apis
998,rest apis
999,
1000,testing
1001,
1002,reverse engineering
1003,
1004,rnn
1005,robotics
1006,robotics
1007,robotics
1008,robotics
1009,robotics
1010,robotics
1011,robust algorithms
1012,rocm
1013,
1014,
1015,room architecture
1016,room db
1017,
1018,routing
1019,routing
1020,rpa
1021,rpc-apis
1022,
1023,
1024,
1025,ruby on rails
1026,
1027,rwd
1028,rxjava
1029,sqlite
1030,aws
1031,saas
1032,saas
1033,
1034,
1035,
1036,salesforce
1037,regression
1038,socket programming
1039,sap scripts
1040,
1041,satellite communication testing
1042,satellite networking
1043,scrapy
1044,scalability testing
1045,
1046,scikit-learn
1047,
1048,scripting languages
1049,
1050,
1051,android sdk
1052,software development
1053,search engine bots
1054,search engine marketing
1055,seo
1056,search engine
1057,
1058,secops
1059,
1060,
1061,security testing
1062,selenium
1063,seo
1064,sensors
1065,
1066,server administration
1067,
1068,
1069,server-less programming
1070,server-side development
1071,serverless framework
1072,servers
1073,
1074,servlets
1075,
1076,
1077,
1078,
1079,
1080,
1081,siemens nx
1082,sierra chart
1083,simulators
1084,
1085,
1086,
1087,sklearn
1088,spark
1089,
1090,
1091,
1092,smoke testing
1093,
1094,
1095,internet protocols
1096,soa architecture
1097,social media analysis
1098,
1099,
1100,social media marketing
1101,smo
1102,
1103,sockets
1104,software analysis
1105,software architecture
1106,beta testing
1107,software programming
1108,software debugging
1109,software designing
1110,software engineering
1111,software development
1112,software development
1113,software development tools
1114,
1115,
1116,software management
1117,software programming
1118,
1119,software testing
1120,
1121,
1122,
1123,
1124,sops
1125,spring framework
1126,
1127,
1128,speech processing
1129,
1130,
1131,
1132,sql
1133,sql alchemy
1134,sqllite
1135,ssh
1136,
1137,
1138,stateless apis
1139,statistical analysis
1140,statistical modeling
1141,statistical modeling
1142,statistics
1143,
1144,
1145,
1146,
1147,
1148,
1149,streamlit
1150,
1151,payment api
1152,subnets
1153,
1154,
1155,
1156,
1157,swagger
1158,swift
1159,swift
1160,
1161,
1162,symfony
1163,syncthreads computing
1164,system analysis
1165,system architecture
1166,system design
1167,system modelling
1168,system programming
1169,system testing
1170,
1171,
1172,tableau
1173,
1174,tacas+
1175,tailwind
1176,internet protocols
1177,
1178,content writing
1179,
1180,
1181,teleophthalmology
1182,telnet
1183,tensorflow
1184,terraform
1185,tesseract
1186,test automation
1187,testing tools
1188,testing softwares
1189,testing
1190,
1191,
1192,thunk subroutine
1193,
1194,
1195,
1196,multithreading
1197,three.js
1198,tomcat
1199,tomography
1200,
1201,trello
1202,trezor
1203,troubleshooting
1204,truffle
1205,tuning queries
1206,web sockets
1207,twillio
1208,
1209,typeform
1210,typescript
1211,uart
1212,ubuntu
1213,udp
1214,ue simulator
1215,ui/ux
1216,ui/ux
1217,ui/ux
1218,ui/ux
1219,
1220,unit testing
1221,unit testing
1222,unity 3d
1223,unix
1224,
1225,unyson
1226,
1227,
1228,
1229,usability testing
1230,usb debugging
1231,
1232,vaizle
1233,
1234,
1235,vb.net
1236,vb.net
1237,
1238,vercel hosting platform
1239,version control systems
1240,vue.js
1241,
1242,
1243,video data analysis
1244,
1245,
1246,view controller
1247,virtual dom
1248,
1249,virtual reality
1250,
1251,
1252,
1253,visual programming
1254,visual studio framework
1255,vlan
1256,virtual machines
1257,voip engineering
1258,volley library
1259,
1260,virtual reality
1261,vscode
1262,vue.js
1263,vuforia
1264,vulnerability analysis
1265,
1266,wan
1267,sdlc models
1268,
1269,
1270,web designing
1271,web programming
1272,web apis
1273,web app development
1274,
1275,web scraping
1276,web debugging tools
1277,web development
1278,web designing
1279,
1280,web frameworks
1281,front-end development
1282,web hosting
1283,
1284,
1285,
1286,
1287,
1288,
1289,web server
1290,web designing
1291,
1292,web sockets
1293,
1294,
1295,web technologies
1296,
1297,
1298,
1299,
1300,web3.js
1301,
1302,webix
1303,webhooks
1304,
1305,
1306,
1307,
1308,wfp
1309,whatsapp marketing
1310,
1311,
1312,windows
1313,winform
1314,
1315,wireframe
1316,wix
1317,woo
1318,woo
1319,wordpress
1320,
1321,
1322,
1323,wpbakery
1324,wpbakery
1325,
1326,
1327,
1328,
1329,x86 processor
1330,
1331,xml
1332,xcode
1333,xd designs
1334,xhtml
1335,xpress
1336,xr shape modelling
1337,xslt
1338,yaml
1339,yii
1340,yocto
1341,yolo
1342,youtube marketing
1343,zabbix
1344,zap
1345,zapier
1346,zend
1347,zoho
