m66,m66 ,695
mabl,mabl ,696
macbook,macbook ,697
machine learning,machine learning ,698
machine learning algorithm,machine learning algorithm ,698
machine learning algorithms,machine learning algorithms ,698
machine learning database testing,machine learning database testing ,698
machine learning ground,machine learning ground ,698
machine learning models,machine learning models ,698
machine learning modules,machine learning modules ,698
machine learning programs,machine learning programs ,698
machine learning team,machine learning team ,698
machine testing,machine testing ,698
madurai,madurai ,699
magento,magento ,700
magento 2 development,magento 2 development ,700
magento development,magento development ,700
magneto,magneto ,700
maintain,maintain ,701
maintain the product back-end,maintain the product back-end ,701
maintaining,maintaining ,701
maintaining front-end web apps,maintaining front-end web apps ,701
maintaining the database,maintaining the database ,701
maintaining web development projects,maintaining web development projects ,701
malware,malware ,702
managing,managing ,703
managing software programs,managing software programs ,703
manual software testing,manual software testing ,704
manual testing,manual testing ,704
manually testing,manually testing ,704
manychat,manychat ,705
mapreduce,mapreduce ,706
mariadb,mariadb ,707
market analysis,market analysis ,708
market outreach,market outreach ,709
market research,market research ,710
marketing,marketing ,711
marketing automation,marketing automation ,711
markup languages,markup languages ,712
material,material ,713
material design,material design ,713
mathematics,mathematics ,714
matlab,matlab ,715
matlab development,matlab development ,715
matplotlib,matplotlib ,716
maven,maven ,717
max,max ,718
maya,maya ,719
maya blender,maya blender ,719
mc60,mc60 ,720
mcqs,mcqs ,721
mcv frameworks,mcv frameworks ,722
mean stack,mean stack ,723
mean stack development,mean stack development ,723
mean.io,mean.io ,724
measuring,measuring ,725
memory management,memory management ,726
memory networks,memory networks ,727
memory tuning,memory tuning ,728
mercurial,mercurial ,729
merge,merge ,730
mern,mern ,731
mern stack,mern stack ,731
mern stack-based projects,mern stack-based projects ,731
messenger bot marketing,messenger bot marketing ,711
metamask,metamask ,732
metasploit,metasploit ,733
meteor,meteor ,734
microcontroller,microcontroller ,735
microservices,microservices ,736
microservices architecture,microservices architecture ,736
microservices-based architecture,microservices-based architecture ,737
microsoft,microsoft ,738
microsoft azure,microsoft azure ,738
microsoft azure management,microsoft azure management ,738
microsoft dynamics,microsoft dynamics ,738
ml,machine learning ,698
ml algorithms,machine learning algorithms ,698
ml model building,machine learning model building ,698
ml models,machine learning models ,698
ml tools,machine learning tools ,698
mobile api development,mobile application programming interface development ,739
mobile app,mobile application ,739
mobile app automation,mobile application automation ,739
mobile app development,mobile application development ,739
mobile app testing,mobile application testing ,739
mobile application development,mobile application development ,739
mobile apps,mobile apps ,740
mobile architecture,mobile architecture ,741
mobile development,mobile development ,739
mobile front end,mobile front end ,742
mobile optimization,mobile optimization ,743
mobile pen testing,mobile pen testing ,744
mobile testing,mobile testing ,744
mocha,mocha ,745
mockups,mockups ,746
modbus,modbus ,747
model development,model development ,748
model view controller,model view controller ,749
modifying,modifying ,750
module designing,module designing ,751
mojolicious,mojolicious ,752
monaca.mobi,monaca.mobi ,753
mongo,mongo ,754
mongo db,mongo database ,754
mongo management service,mongo management service ,754
mongodb,mongodb ,754
moodle,moodle ,755
moodle learning management system,moodle learning management system ,755
moodle lms,moodle lms ,755
motor controllers,motor controllers ,735
moveit,moveit ,756
mqtt,mqtt ,757
ms,ms ,758
ms bi,ms bi ,758
ms dynamics 365,ms dynamics 365 ,758
ms office,ms office ,758
ms power bi,ms power bi ,758
ms powerapps,ms powerapps ,758
ms sql server,ms sql server ,758
ms sql server designing,ms sql server designing ,758
ms-excel,ms-excel ,759
ms-office,ms-office ,758
ms-office computer networking,ms-office computer networking ,758
ms-word,ms-word ,760
mscit,mscit ,761
mssql,mssql ,762
multi-threaded programming,multi-threaded programming ,763
multi-threading,multi-threading ,764
multithreading,multithreading ,764
multivariate time series,multivariate time series ,765
mvc,model view controller ,749
mvc 5 framework,model view controller 5 framework ,749
mvc architecture,model view controller architecture ,749
mvc design,model view controller design ,749
mvc designs,model view controller designs ,749
mvc framework,model view controller framework ,749
mvc frameworks,model view controller frameworks ,749
mvc management,model view controller management ,749
mvc structure,model view controller structure ,749
mvc web framework,model view controller web framework ,749
mvvm,mvvm ,766
mvvm architecture,mvvm architecture ,766
mxnet,mxnet ,767
my,my ,768
mysql,mysql ,762
mysql database,mysql database ,762
mysql db,mysql database ,762
mysql server database,mysql server database ,762
mysql server databases,mysql server databases ,762
nagios,nagios ,769
naiad,naiad ,770
nasscom,nasscom ,771
natural language processing,natural language processing ,772
nb,nb ,773
ndk,ndk ,774
ndtv,ndtv ,775
neo,neo ,776
neo4j,neo4j ,777
ner,ner ,776
nessus,nessus ,778
nest.js,nest.js ,779
netbeans,netbeans ,780
netra surveillance,netra surveillance ,781
network analytics tools,network analytics tools ,782
network diagnostics,network diagnostics ,783
network engineering,network engineering ,784
network monitoring,network monitoring ,785
network security engineering,network security engineering ,784
networking,networking ,786
neural nets,neural nets ,787
neural network architectures,neural network architectures ,788
neural networks,neural networks ,789
next.js,next.js ,779
nextjs,nextjs ,779
nfts,nfts ,790
ngineering math,ngineering math ,791
nginx,nginx ,792
ngrx,ngrx ,793
nifi,nifi ,794
nit,nit ,795
nlp,natural language processing ,772
nlp models,natural language processing models ,772
nlu,natural language understanding ,796
no,no ,797
node,node ,798
node apis,node apis ,798
node frameworks,node frameworks ,798
node inspector,node inspector ,798
node js,node js ,798
node on top of microservice architecture,node on top of microservice architecture ,798
node to develop,node to develop ,798
node-red,node-red ,799
node-red development,node-red development ,799
node. js,node. js ,798
node.js,node.js ,798
node.js based,node.js based ,798
node.js frameworks,node.js frameworks ,798
node.js processes,node.js processes ,798
nodemcu,nodemcu ,800
non-destructive testing,non-destructive testing ,801
nosql,nosql ,802
nougat,nougat ,803
npm,npm ,804
ntt,ntt ,795
numpy,numpy ,805
nunit,nunit ,806
nuxt.js,nuxt.js ,779
nvidia,nvidia ,807
oauth,oauth ,808
oauth2,oauth2 ,808
object detection,object detection ,809
object detection models,object detection models ,809
object oriented design,object oriented design ,810
object oriented programming,object oriented programming ,811
object relational mapper,object relational mapper ,812
object tracking,object tracking ,813
object-oriented,object-oriented ,814
object-oriented design,object-oriented design ,814
object-oriented development,object-oriented development ,814
object-oriented knowledge,object-oriented knowledge ,814
object-oriented php,object-oriented php ,814
object-oriented php programming,object-oriented php programming ,814
object-oriented programming,object-oriented programming ,814
object-oriented software,object-oriented software ,814
object-relational mapping,object-relational mapping ,812
objective,objective ,815
objective-c,objective-c ,815
ocr,ocr ,816
ocr system,ocr system ,816
ocr text correction,ocr text correction ,816
oculus,oculus ,817
odoo,odoo ,818
offline storage,offline storage ,819
okhttp,okhttp ,820
online development,online development ,821
onsensors,onsensors ,822
onsite support,onsite support ,823
oo design,object oriented design ,814
oop,object oriented programming ,814
oop and design patterns,object oriented programming and design patterns ,814
oop concepts,object oriented programming concepts ,814
oops,object oriented programming ,814
open gl,open gl ,824
open source,open source ,825
open source projects,open source projects ,825
opencart,opencart ,826
opencv,opencv ,827
opengl,opengl ,827
openresty,openresty ,828
operating system adminstration,operating system adminstration ,829
operating system development,operating system development ,830
operating systems,operating systems ,831
operating systems internals,operating systems internals ,831
operating systems software,operating systems software ,831
optical character recognition,optical character recognition ,832
optimization,optimization ,833
optimize,optimize ,834
optimizing,optimizing ,834
optiver,optiver ,835
optum,optum ,836
oracle,oracle ,837
orchestrator,orchestrator ,838
organizing,organizing ,834
oriented programming,oriented programming ,814
orm,object relational mapping ,812
os,operating system ,831
os administration,operating system administration ,831
os internals,operating system internals ,831
os packages,operating system packages ,831
oscommerce,oscommerce ,839
osx,osx ,840
outlining,outlining ,841
overseeing,overseeing ,842
owasp,owasp ,843
oxygen,oxygen ,844
paas,platform as a service ,845
pabbly,pabbly ,846
packer,packer ,847
page builder,page builder ,848
page builders,page builders ,848
page editors,page editors ,849
pandas,pandas ,850
parallel programming,parallel programming ,851
parallelization,parallelization ,852
pascal,pascal ,853
password cracking,password cracking ,854
patching,patching ,855
payment api,payment application programming interface ,856
payment gateway apis,payment gateway apis ,857
payment gateway integration,payment gateway integration ,858
payment gateway services,payment gateway services ,859
payment gateways,payment gateways ,860
payment processing,payment processing ,861
paypal api,paypal application programming interface ,862
paytm,paytm ,863
pcb,pcb ,864
pcb design,pcb design ,864
pcb designing,pcb designing ,864
pcbs,pcbs ,864
penetration testing,penetration testing ,865
performance testing,performance testing ,866
performance testing frameworks,performance testing frameworks ,866
performance tuning,performance tuning ,867
perks,perks ,868
perl,perl ,869
pern stack,pern stack ,870
pgcil,pgcil ,871
phasor,phasor ,872
phonegap,phonegap ,873
phonegap sketching,phonegap sketching ,873
photoshop,photoshop ,874
photoshop files,photoshop files ,874
php,php ,875
php api,php application programming interface ,875
php based framework,php based framework ,875
php development,php development ,875
php frameworks,php frameworks ,875
php programming,php programming ,875
php5,php5 ,875
physics,physics ,876
pi,pi ,877
pid control,pid control ,878
pig,pig ,879
pingal it solutions,pingal it solutions ,880
pinterest,pinterest ,881
pivot tables,pivot tables ,882
pl,pl ,883
planning,planning ,884
plant pollinator network,plant pollinator network ,885
platform development,platform development ,886
play-testing,play-testing ,887
plc,plc ,888
plc programming,plc programming ,888
plesk,plesk ,889
plotting different graphs,plotting different graphs ,890
plsql,plsql ,891
pmp,pmp ,875
png,png ,879
polkadot,polkadot ,892
polymer,polymer ,893
pop,pop ,875
portal design,portal design ,894
portal development,portal development ,895
postgis,postgis ,896
postgres,postgres ,896
postgresql,postgresql ,896
power bi,power bi ,897
power bi development,power bi development ,897
power inverters,power inverters ,898
power management,power management ,899
powerbi,powerbi ,897
powerpoint,powerpoint ,900
ppt formatting,ppt formatting ,901
pre-processing,pre-processing ,902
predictive,predictive ,903
predictive analytics,predictive analytics ,903
predictive modeling,predictive modeling ,903
predictive models,predictive models ,903
preparing graphs,preparing graphs ,904
prestashop,prestashop ,905
presto,presto ,906
primefaces framework,primefaces framework ,907
probability theory,probability theory ,908
procedural animation,procedural animation ,909
process engineering,process engineering ,910
product analysis,product analysis ,911
product customization,product customization ,912
product design,product design ,913
product development cycle,product development cycle ,914
product evaluation,product evaluation ,915
product features enhancement,product features enhancement ,916
product frontend,product frontend ,917
product lifecycle management,product lifecycle management ,918
product management,product management ,918
product marketing,product marketing ,919
product network,product network ,920
product planning,product planning ,884
product research,product research ,921
product roadmap planning,product roadmap planning ,884
product support,product support ,922
product testing,product testing ,923
product workflow development,product workflow development ,924
production testing,production testing ,919
proelium analytics,proelium analytics ,925
program development,program development ,926
program structures,program structures ,927
programing,programing ,928
programming,programming ,928
programming ides,programming ides ,928
programming language,programming language ,928
programming languages,programming languages ,928
programming tools,programming tools ,928
project & product management,project & product management ,918
project management,project management ,918
prometheus,prometheus ,929
proofread,proofread ,930
proteus,proteus ,931
proteus design suite,proteus design suite ,931
prototyping,prototyping ,932
prototyping tools,prototyping tools ,932
protractor,protractor ,933
proxy servers,proxy servers ,934
psd,psd ,935
psd designs,psd designs ,935
ptc,ptc ,888
ptp,ptp ,888
pull,pull ,936
puppet,puppet ,937
pure.js,pure.js ,938
purescript,purescript ,939
push and pull,push and pull ,936
pvr,pvr ,940
pwa,pwa ,941
pws,pws ,941
pycharm,pycharm ,942
pyhton,pyhton ,943
pyqt,pyqt ,944
pyramid,pyramid ,945
pytest,pytest ,946
python,python ,943
python coding,python coding ,943
python development,python development ,943
python engineering,python engineering ,943
python frameworks,python frameworks ,943
python libraries,python libraries ,943
python programming,python programming ,943
python scripting,python scripting ,943
python tools,python tools ,943
pytorch,pytorch ,947
qa,qa ,948
qa and testing,qa and testing ,948
qa automation,qa automation ,948
qa methodologies,qa methodologies ,948
qc,qc ,949
qlikview,qlikview ,950
qml,qml ,951
qt,qt ,952
qt creator,qt creator ,952
qt5,qt5 ,953
quality analysis,quality analysis ,954
quality analysis testing,quality analysis testing ,954
quality assurance procedures,quality assurance procedures ,955
quality assurance testing,quality assurance testing ,956
quantitative analysis,quantitative analysis ,957
quantitative trading,quantitative trading ,958
quasars,quasars ,959
quectel,quectel ,960
query language,query language ,961
querying,querying ,962
queue,queue ,963
r,r ,964
r programming,r programming ,964
rabbitmq,rabbitmq ,965
radius,radius ,966
raidenbit,raidenbit ,967
rails,rails ,966
rapid prototyping,rapid prototyping ,968
rapid testing,rapid testing ,969
rasa,rasa ,970
raspberry,raspberry ,971
raspberry pi,raspberry pi ,971
raspberry pi pico,raspberry pi pico ,971
rbac,rbac ,972
rdbms,rdbms ,973
rds,rds ,974
react,react ,975
react app,react application ,975
react charting,react charting ,975
react components,react components ,975
react concepts,react concepts ,975
react framework,react framework ,975
react front end,react front end ,975
react frontend,react frontend ,975
react google map,react google map ,975
react hooks,react hooks ,975
react js,react js ,975
react libraries,react libraries ,975
react native,react native ,975
react native app development,react native application development ,975
react native dart,react native dart ,975
react native development,react native development ,975
react native framework,react native framework ,975
react native language,react native language ,975
react native machine learning,react native machine learning ,975
react native model,react native model ,975
react native platform,react native platform ,975
react navigation,react navigation ,975
react redux,react redux ,975
react router,react router ,975
react state management,react state management ,975
react tools,react tools ,975
react ui,react user interface ,975
react web apps,react web apps ,975
react web development,react web development ,975
react-based,react-based ,976
react-vis,react-vis ,975
react.js,react.js ,975
react.js development,react.js development ,975
reaction commerce,reaction commerce ,977
reactive form controls,reactive form controls ,978
reactive native,reactive native ,979
reactjs,reactjs ,975
reactjs development,reactjs development ,975
reactnative,reactnative ,979
recycler view,recycler view ,980
recyclerview,recyclerview ,980
redesigning,redesigning ,981
redhat,redhat ,982
redis,redis ,966
redshift,redshift ,983
redux,redux ,966
redux flux,redux flux ,966
reduxsauce,reduxsauce ,984
refining,refining ,985
reformatting,reformatting ,986
regression,regression ,987
regression analysis,regression analysis ,987
regression test,regression test ,987
regression testing,regression testing ,987
reinforcement learning,reinforcement learning ,988
reinforcement learning algorithms,reinforcement learning algorithms ,988
relational database,relational database ,989
relational database systems,relational database systems ,989
relational databases,relational databases ,989
religare,religare ,990
reprogramming,reprogramming ,964
require.js,require.js ,991
requirement analysis,requirement analysis ,992
research,research ,993
research methodology,research methodology ,993
researching,researching ,993
reskin,reskin ,994
responsive design,responsive design ,995
responsive design frameworks,responsive design frameworks ,995
responsive design principles,responsive design principles ,995
responsive designs,responsive designs ,995
responsive development,responsive development ,996
responsive page development,responsive page development ,996
rest,rest ,997
rest & json,rest & json ,997
rest api,rest application programming interface ,997
rest api development,rest application programming interface development ,997
rest api engine,rest application programming interface engine ,997
rest api integration,rest application programming interface integration ,997
rest api integration framework,rest application programming interface integration framework ,997
rest api services,rest application programming interface services ,997
rest assured,rest assured ,997
rest backend,rest backend ,997
rest controller,rest controller ,997
rest development,rest development ,997
rest framework,rest framework ,997
rest service integration,rest service integration ,997
rest web services,rest web services ,997
restful,restful ,998
restful api,restful application programming interface ,998
restful api frameworks,restful application programming interface frameworks ,998
restful apis,restful apis ,998
restful http apis,restful http apis ,998
restful services,restful services ,998
restful web services,restful web services ,998
restless based,restless based ,999
retesting,retesting ,1000
retrofit,retrofit ,1001
retrofit 2,retrofit 2 ,1001
reverse engineering,reverse engineering ,1002
reviewing,reviewing ,985
revit,revit ,966
rivigo,rivigo ,1003
rnn,rnn ,1004
robot operating,robot operating ,1005
robotic arm,robotic arm ,1006
robotic control modules,robotic control modules ,1007
robotic process automation,robotic process automation ,1008
robotic programming,robotic programming ,1009
robotics,robotics ,1010
robotics control,robotics control ,1010
robotics engineering,robotics engineering ,1010
robust algorithms,robust algorithms ,1011
rocm,rocm ,1012
rolling arrays,rolling arrays ,1013
rollup,rollup ,1014
room architecture,room architecture ,1015
roomdb,roomdb ,1016
ror,ror ,1017
ros,ros ,1017
ros nodes,ros nodes ,1017
ros2,ros2 ,1017
routers,routers ,1018
routing,routing ,1019
routing protocols,routing protocols ,1019
rpa,rpa ,1020
rpc apis,rpc apis ,1021
rpm,rpm ,1020
rs-232,rs-232 ,1022
rs-485,rs-485 ,1023
rss,rss ,1017
rtp,rtp ,1024
ruby,ruby ,1025
ruby on rails,ruby on rails ,1025
ruby on rails architecture,ruby on rails architecture ,1025
ruby on rails development,ruby on rails development ,1025
run apis,run apis ,1026
rust,rust ,997
rust framework,rust framework ,997
rust programming,rust programming ,997
rwd,rwd ,1027
rxjava,rxjava ,1028
