"""""",""""" ",1
.apk,.apk ,2
.json,.json ,3
.net,.net ,4
.net backbone.js,.net backbone.js ,4
.net core,.net core ,4
.net core entity framework,.net core entity framework ,4
.net development,.net development ,4
.net enterprise,.net enterprise ,4
.net framework,.net framework ,4
.net languages,.net languages ,4
.net model view controller,.net model view controller ,4
.net mvc,.net model view controller ,4
.net programming,.net programming ,4
.net programming languages,.net programming languages ,4
.net sas,.net sas ,4
.net web api,.net web application programming interface ,4
.net-based,.net-based ,5
2d and 3d games,2d and 3d games ,6
2d and 3d mobile games,2d and 3d mobile games ,6
2d animation,2d animation ,7
2d art,2d art ,8
2d gaming engine,2d gaming engine ,9
3d,3d ,10
3d 3ds max blender,3d 3ds max blender ,10
3d animation,3d animation ,10
3d artist,3d artist ,10
3d arts,3d arts ,10
3d autodesk,3d autodesk ,10
3d blender,3d blender ,10
3d c programming,3d c programming ,10
3d cad software,3d cad software ,10
3d design,3d design ,10
3d equalizer,3d equalizer ,10
3d game development,3d game development ,10
3d game engine,3d game engine ,10
3d math,3d math ,10
3d model,3d model ,10
3d modeling,3d modeling ,10
3d models,3d models ,10
3d printing,3d printing ,10
3d scanning,3d scanning ,10
3d sculpts,3d sculpts ,10
3d simulation,3d simulation ,10
3d software,3d software ,10
3d unity engine,3d unity engine ,10
3d unreal engine,3d unreal engine ,10
3d visualisation,3d visualisation ,10
3d web,3d web ,10
3d web design,3d web design ,10
3ds,3ds ,10
3ds max,3ds max ,10
3ds max blender,3ds max blender ,10
3ds-catia,3ds-catia ,11
3g,3g ,12
4g-lte,4g-lte ,13
