s2s integrations,s2s integrations ,1029
s3,s3 ,1030
saas,software as a service ,1031
saas platform,software as a service platform ,1031
saas products,software as a service products ,1031
saas-based products,saas-based products ,1032
safexpress,safexpress ,1033
sahi,sahi ,1034
sales,sales ,1035
salesforce,salesforce ,1036
salesforce automation,salesforce automation ,1036
salesforce development,salesforce development ,1036
sanity and regression testing,sanity and regression testing ,1037
sanket,sanket ,1038
sap,sap ,1039
sap hcm functional lead,sap hcm functional lead ,1039
sap like web,sap like web ,1039
sap scripts,sap scripts ,1039
sars,sars ,1040
sas,sas ,1040
sass,sass ,1040
satellite communication testing,satellite communication testing ,1041
satellite networking,satellite networking ,1042
scada,scada ,1043
scala,scala ,1043
scalability testing,scalability testing ,1044
scapy,scapy ,1043
scenario creation,scenario creation ,1045
scikit,scikit ,1046
scilab,scilab ,1043
scrapy,scrapy ,1043
scratch,scratch ,1047
scripting,scripting ,1048
scripting language,scripting language ,1048
scripting languages,scripting languages ,1048
scrrum labs,scrrum labs ,1049
scrum,scrum ,1050
scss,scss ,1040
sdk,sdk ,1051
sdks,sdks ,1051
sdlc,sdlc ,1052
sdlc toolsets,sdlc toolsets ,1052
search engine bots,search engine bots ,1053
search engine marketing,search engine marketing ,1054
search engine optimization,search engine optimization ,1055
search engines,search engines ,1056
second platform app development,second platform application development ,1057
secops,secops ,1058
security auditing,security auditing ,1059
security patches,security patches ,1060
security testing,security testing ,1061
selenium,selenium ,1062
selenium environment,selenium environment ,1062
selenium web driver,selenium web driver ,1062
sem,sem ,1063
sensors,sensors ,1064
seo,seo ,1063
seo friendly,seo friendly ,1063
seo friendly markups,seo friendly markups ,1063
seo implementation,seo implementation ,1063
seo management,seo management ,1063
seo optimization,seo optimization ,1063
seo principles,seo principles ,1063
seo services,seo services ,1063
seo-friendly,seo-friendly ,1063
sequelize,sequelize ,1065
server administration,server administration ,1066
server management,server management ,1067
server side languages,server side languages ,1068
server side scripting,server side scripting ,1048
server-less programming,server-less programming ,1069
server-side,server-side ,1070
server-side algorithms,server-side algorithms ,1070
server-side architecture,server-side architecture ,1070
server-side code,server-side code ,1070
server-side controller,server-side controller ,1070
server-side integration,server-side integration ,1070
server-side languages,server-side languages ,1070
server-side logic,server-side logic ,1070
server-side scripting,server-side scripting ,1070
server-side templating language,server-side templating language ,1070
server-side templating languages,server-side templating languages ,1070
server-side web application,server-side web application ,1070
server-side web application logic,server-side web application logic ,1070
server-side web applications,server-side web applications ,1070
serverless framework,serverless framework ,1071
servers,servers ,1072
service apis,service apis ,1073
servlet,servlet ,1074
servletcontext,servletcontext ,1075
servlets,servlets ,1074
servo,servo ,1076
shadowfax,shadowfax ,1077
sharepoint,sharepoint ,1078
sharepoint automation,sharepoint automation ,1078
sharepoint development,sharepoint development ,1078
sharp,sharp ,1079
shell scripting,shell scripting ,1048
shopify,shopify ,1080
shopify management,shopify management ,1080
siemens nx,siemens nx ,1081
sierra chart,sierra chart ,1082
simulators,simulators ,1083
simulink,simulink ,1084
sip,sip ,1039
site design,site design ,1085
sketch,sketch ,1086
sklearn,sklearn ,1087
slack,slack ,1088
slide decks,slide decks ,1089
smart contract,smart contract ,1090
smart contract code,smart contract code ,1090
smart contracts,smart contracts ,1090
sme,sme ,1091
smo,smo ,1091
smoke testing,smoke testing ,1092
smtp,smtp ,1093
smtp mail configuration,smtp mail configuration ,1093
snap packaging,snap packaging ,1094
snmp,snmp ,1095
sns,sns ,1040
soa architecture,soa architecture ,1096
soap,soap ,1039
soap api,soap application programming interface ,1039
social media analytics,social media analytics ,1097
social media apis,social media apis ,1098
social media integration,social media integration ,1099
social media marketing,social media marketing ,1100
social media optimization,social media optimization ,1101
social network analysis,social network analysis ,1102
socket,socket ,1038
socket programming,socket programming ,1038
socket.io,socket.io ,1103
software analysis,software analysis ,1104
software architecture,software architecture ,1105
software beta test,software beta test ,1106
software coding,software coding ,1107
software debugging,software debugging ,1108
software design,software design ,1109
software development engineering,software development engineering ,1110
software development life cycle,software development life cycle ,1111
software development lifecycle,software development lifecycle ,1111
software development lifecycle models,software development lifecycle models ,1111
software development process,software development process ,1112
software development tools,software development tools ,1113
software electrical,software electrical ,1114
software installation,software installation ,1115
software product management,software product management ,1116
software programming,software programming ,1117
software project management,software project management ,1116
software systems,software systems ,1118
software testing,software testing ,1119
solidity,solidity ,1120
solidity contracts,solidity contracts ,1120
solidity development,solidity development ,1120
solidworks,solidworks ,1121
sonar outputs,sonar outputs ,1122
sonoff,sonoff ,1123
sops,sops ,1124
sorting,sorting ,1125
source code management,source code management ,1126
source control,source control ,1127
spark,spark ,1088
speech processing,speech processing ,1128
spi,spi ,1129
spock,spock ,1088
spotify,spotify ,1080
spoton,spoton ,1130
sprat,sprat ,1131
spring,spring ,1125
spring boot,spring boot ,1125
spring boot framework,spring boot framework ,1125
spring framework,spring framework ,1125
spring frameworks,spring frameworks ,1125
spring mvc,spring model view controller ,1125
springboot,springboot ,1125
springboot development,springboot development ,1125
spss,spss ,1040
sql,sql ,1132
sql database,sql database ,1132
sql database administration,sql database administration ,1132
sql databases,sql databases ,1132
sql development,sql development ,1132
sql model view controller,sql model view controller ,1132
sql monitor system,sql monitor system ,1132
sql ms,sql ms ,1132
sql queries,sql queries ,1132
sql query language,sql query language ,1132
sql server,sql server ,1132
sql server model,sql server model ,1132
sqlalchemy,sqlalchemy ,1133
sqlite database management system,sqlite database management system ,1134
sqlite integration,sqlite integration ,1029
srs,srs ,1040
ssas,ssas ,1040
ssh,ssh ,1135
ssis,ssis ,1040
ssl,ssl ,1135
ssrs,ssrs ,1040
stack overflow,stack overflow ,1136
stackoverflow,stackoverflow ,1136
star clusters,star clusters ,1137
stateless apis,stateless apis ,1138
statistical analysis,statistical analysis ,1139
statistical modeling,statistical modeling ,1140
statistical models,statistical models ,1141
statistics,statistics ,1142
stellar variabilities,stellar variabilities ,1143
stlc,stlc ,1052
stm32,stm32 ,1144
stm32cubemx,stm32cubemx ,1145
storing data,storing data ,1146
stos,stos ,1147
streaming data,streaming data ,1148
streamlit,streamlit ,1149
stress testing,stress testing ,1150
stripe payment api,stripe payment application programming interface ,1151
strongloop,strongloop ,1125
subnets,subnets ,1152
sugarcane,sugarcane ,1153
support libs,support libs ,1154
svelte,svelte ,1155
svg,svg ,1156
svn,svn ,1156
swagger,swagger ,1157
swift,swift ,1158
swift ios,swift ios ,1158
swiftui programming,swiftui programming ,1159
switching,switching ,1160
swv,swv ,1161
swv lawrepair,swv lawrepair ,1161
symfony,symfony ,1162
syncthreads computing,syncthreads computing ,1163
system analysis,system analysis ,1164
system architecture,system architecture ,1165
system design,system design ,1166
system modeling,system modeling ,1167
system programming,system programming ,1168
system testing,system testing ,1169
systems analysis,systems analysis ,1164
systems development,systems development ,1170
t,t ,1171
tableau,tableau ,1172
tables,tables ,1172
tablet responsive,tablet responsive ,1173
tacacs+,tacacs+ ,1174
tailwind,tailwind ,1175
tci,tci ,1176
tcp,tcp ,1176
tdd,tdd ,1177
technical content writing,technical content writing ,1178
technical support,technical support ,1179
telecardiology,telecardiology ,1180
teleophthalmology,teleophthalmology ,1181
telnet,telnet ,1182
tensorflow,tensorflow ,1183
terraform,terraform ,1184
tesseract,tesseract ,1185
test automation,test automation ,1186
test automation frameworks,test automation frameworks ,1186
test automation scripts,test automation scripts ,1186
test coverage tools,test coverage tools ,1187
test frameworks,test frameworks ,1186
test management software,test management software ,1188
test ng,test ng ,1189
test software,test software ,1188
test user stories,test user stories ,1190
testing,testing ,1189
testing methodologies,testing methodologies ,1189
testing suites,testing suites ,1189
testng,testng ,1189
tfs,tfs ,1191
thane,thane ,1192
theme customisation,theme customisation ,1193
theme development,theme development ,1194
theme template code,theme template code ,1195
threading,threading ,1196
three.js,three.js ,1197
thunk,thunk ,1192
tls,tls ,1191
tomcat,tomcat ,1198
tomography,tomography ,1199
tool testing,tool testing ,1189
tracking test,tracking test ,1200
transaction latency testing,transaction latency testing ,1189
trello,trello ,1201
trezor,trezor ,1202
troubleshoot,troubleshoot ,1203
troubleshooting,troubleshooting ,1203
truffle,truffle ,1204
ttp,ttp ,1176
tuning,tuning ,1205
tuning queries,tuning queries ,1205
turn and web sockets,turn and web sockets ,1206
twillio,twillio ,1207
twitter,twitter ,1208
typeorm,typeorm ,1209
typescript,typescript ,1210
typing,typing ,1205
uart,uart ,1211
uat,uat ,1211
ubuntu,ubuntu ,1212
udp,udp ,1213
ue simulator,ue simulator ,1214
ui,user interface ,1215
ui & ux,user interface & user experience ,1216
ui & ux design,user interface & user experience design ,1216
ui & ux design sketch,user interface & user experience design sketch ,1216
ui and back-end,user interface and back-end ,1215
ui bugs,user interface bugs ,1215
ui components,user interface components ,1215
ui dashboards,user interface dashboards ,1215
ui design,user interface design ,1216
ui design system,user interface design system ,1216
ui designing,user interface designing ,1215
ui designs,user interface designs ,1216
ui elements,user interface elements ,1215
ui for app,user interface for application ,1215
ui for web,user interface for web ,1215
ui framework,user interface framework ,1215
ui frameworks,user interface frameworks ,1215
ui of web,user interface of web ,1215
ui platforms,user interface platforms ,1215
ui portal framework,user interface portal framework ,1215
ui solutions,user interface solutions ,1215
ui technologies,user interface technologies ,1215
ui tests,user interface tests ,1215
ui-path,ui-path ,1217
ui-ux,ui-ux ,1218
uipath platforms,uipath platforms ,1219
unit test,unit test ,1220
unit test plans,unit test plans ,1220
unit testing,unit testing ,1221
unit tests,unit tests ,1220
unit-test,unit-test ,1220
unit-testing,unit-testing ,1220
unity,unity ,1222
unity 3d,unity 3d ,1222
unity 3d 3ds max,unity 3d 3ds max ,1222
unity 3d blender,unity 3d blender ,1222
unity application development,unity application development ,1222
unity development,unity development ,1222
unity engine,unity engine ,1222
unity game development,unity game development ,1222
unity physics,unity physics ,1222
unity platform,unity platform ,1222
unity projects,unity projects ,1222
unity tool,unity tool ,1222
unity3d,unity3d ,1222
unix,unix ,1223
unix and windows,unix and windows ,1223
unix shell scripts,unix shell scripts ,1223
unreal engine,unreal engine ,1224
unyson,unyson ,1225
update api,update application programming interface ,1226
uploading,uploading ,1227
upptcl,upptcl ,1228
usability testing,usability testing ,1229
usb debugging,usb debugging ,1230
user interface,user interface ,1215
user interface design,user interface design ,1215
ux,user experience ,1216
ux & ui design,user experience & user interface design ,1216
ux designs,user experience designs ,1216
ux development,user experience development ,1216
ux optimization,user experience optimization ,1216
ux screens,user experience screens ,1216
v,v ,1231
vaizle,vaizle ,1232
validate,validate ,1233
validation,validation ,1233
vayuz,vayuz ,1234
vb,vb ,1235
vb.net,vb.net ,1236
vcs,vcs ,1237
vercel hosting platform,vercel hosting platform ,1238
version control,version control ,1239
version control systems,version control systems ,1239
version control tools,version control tools ,1239
versioning tools,versioning tools ,1239
veujs,veujs ,1240
vfd,vfd ,1241
vfx development,vfx development ,1242
video data analysis,video data analysis ,1243
video editing,video editing ,1244
video making,video making ,1245
view controller,view controller ,1246
virtual dom,virtual dom ,1247
virtual endoscopy 2,virtual endoscopy 2 ,1248
virtual reality,virtual reality ,1249
virtualization,virtualization ,1250
visual composer,visual composer ,1251
visual inspection testing,visual inspection testing ,1252
visual programming,visual programming ,1253
visual programming development,visual programming development ,1253
visual studio,visual studio ,1254
visual studio framework,visual studio framework ,1254
visual studio user interface,visual studio user interface ,1254
visualization,visualization ,1250
vlan,vlan ,1255
vm,vm ,1256
voip,voip ,1257
voip engineering,voip engineering ,1257
volley,volley ,1258
volley library,volley library ,1258
vpc,vpc ,1259
vps,vps ,1259
vr,vr ,1260
vscode,vscode ,1261
vue,vue ,1262
vue js,vue js ,1262
vue.js,vue.js ,1262
vue.js development,vue.js development ,1262
vuejs,vuejs ,1262
vuforia,vuforia ,1263
vulnerability analysis,vulnerability analysis ,1264
w3c standards,w3c standards ,1265
wan,wan ,1266
waterfall model,waterfall model ,1267
wati,wati ,1268
wcf,wcf ,1269
web & designing,web & designing ,1270
web api,web application programming interface ,1271
web apis,web apis ,1272
web app development,web application development ,1273
web application,web application ,1273
web application apis,web application apis ,1273
web application design,web application design ,1273
web application development,web application development ,1273
web application security,web application security ,1273
web application testing,web application testing ,1273
web applications development,web applications development ,1273
web apps,web apps ,1272
web architecture,web architecture ,1274
web architectures,web architectures ,1274
web crawling,web crawling ,1275
web debugging tools,web debugging tools ,1276
web design development,web design development ,1277
web designing,web designing ,1270
web designs,web designs ,1278
web development,web development ,1277
web development languages,web development languages ,1277
web development tools,web development tools ,1277
web development web services,web development web services ,1279
web framework,web framework ,1280
web frameworks,web frameworks ,1280
web front,web front ,1281
web front end,web front end ,1281
web front-end,web front-end ,1281
web frontend development,web frontend development ,1277
web hosting,web hosting ,1282
web hosting support,web hosting support ,1282
web integration,web integration ,1283
web interfaces,web interfaces ,1284
web layout enhancements,web layout enhancements ,1285
web libraries,web libraries ,1286
web logic servers,web logic servers ,1287
web markup,web markup ,1288
web page development,web page development ,1277
web programming,web programming ,1271
web scraping,web scraping ,1275
web scrapping,web scrapping ,1275
web server,web server ,1289
web server optimization,web server optimization ,1289
web servers,web servers ,1289
web services,web services ,1279
web site design,web site design ,1290
web site maintenance,web site maintenance ,1291
web socket,web socket ,1292
web sockets,web sockets ,1292
web stack,web stack ,1293
web standards,web standards ,1294
web technologies,web technologies ,1295
web testing,web testing ,1282
web tools,web tools ,1277
web ui testing,web user interface testing ,1282
web user interface,web user interface ,1282
web user interface design,web user interface design ,1282
web-application frameworks,web-application frameworks ,1296
web-apps,web-apps ,1272
web-based,web-based ,1297
web-mobile app dev,web-mobile application dev ,1298
web-scrapping,web-scrapping ,1275
web-solution tech support,web-solution tech support ,1299
web3.js,web3.js ,1300
web3js,web3js ,1300
webapi,webapi ,1272
webflow,webflow ,1301
webgl,webgl ,1302
webgpu,webgpu ,1302
webhook integration,webhook integration ,1303
webhooks,webhooks ,1277
webix,webix ,1302
weblogic,weblogic ,1304
webpack,webpack ,1305
webrtc,webrtc ,1306
website,website ,1307
website & mobile applications,website & mobile applications ,1307
website analysis,website analysis ,1307
website and software,website and software ,1307
website apis,website apis ,1307
website architecture,website architecture ,1307
website automation,website automation ,1307
website back-end,website back-end ,1307
website backend,website backend ,1307
website backend development,website backend development ,1307
website build,website build ,1307
website build process,website build process ,1307
website builder,website builder ,1307
website content management,website content management ,1307
website creation,website creation ,1307
website data analytics,website data analytics ,1307
website design,website design ,1307
website designs,website designs ,1307
website directories,website directories ,1307
website front-end,website front-end ,1307
website frontend,website frontend ,1307
website gaming,website gaming ,1307
website issues,website issues ,1307
website layout,website layout ,1307
website maintenance,website maintenance ,1307
website management,website management ,1307
website modifications,website modifications ,1307
website network,website network ,1307
website optimization,website optimization ,1307
website pages,website pages ,1307
website performance,website performance ,1307
website performance tests,website performance tests ,1307
website platform,website platform ,1307
website problems,website problems ,1307
website redesign,website redesign ,1307
website seo,website seo ,1307
website services,website services ,1307
website testing,website testing ,1307
website traffic,website traffic ,1307
website updates,website updates ,1307
websites,websites ,1307
websocket,websocket ,1292
websockets,websockets ,1292
webtool,webtool ,1277
webxr,webxr ,1302
wfp,wfp ,1308
whatsapp,whatsapp ,1309
whatsapp marketing,whatsapp marketing ,1309
wheat,wheat ,1310
wifi,wifi ,1311
windows,windows ,1312
windows filtering platform,windows filtering platform ,1312
windows mobile application development,windows mobile application development ,1312
windows operating,windows operating ,1312
winforms,winforms ,1313
wipro,wipro ,1314
wireframe,wireframe ,1315
wireframe design tools,wireframe design tools ,1315
wireframe models,wireframe models ,1315
wireframe templates,wireframe templates ,1315
wireframe tools,wireframe tools ,1315
wireframes,wireframes ,1315
wireframing,wireframing ,1315
wix,wix ,1316
wix builder,wix builder ,1316
wix development,wix development ,1316
wix web development,wix web development ,1316
woo,woo ,1317
woocommerce,woocommerce ,1318
wordpress,wordpress ,1319
wordpress design,wordpress design ,1319
wordpress designing,wordpress designing ,1319
wordpress development,wordpress development ,1319
wordpress hosting,wordpress hosting ,1319
wordpress management,wordpress management ,1319
wordpress themes,wordpress themes ,1319
wordpress tool development,wordpress tool development ,1319
wordpress tools,wordpress tools ,1319
wordpress user interface,wordpress user interface ,1319
workflow management,workflow management ,1320
working dom manipulation,working dom manipulation ,1321
working on edge computing,working on edge computing ,1322
wp,wp ,1323
wpbakery,wpbakery ,1324
wpf,wpf ,1269
writing apis,writing apis ,1325
writing unit,writing unit ,1326
wsgi,wsgi ,1327
x-ray binaries,x-ray binaries ,1328
x86,x86 ,1329
xamarin,xamarin ,1330
xaml,xaml ,1331
xcode,xcode ,1332
xd designs,xd designs ,1333
xhtml,xhtml ,1334
xml,xml ,1331
xml web services,xml web services ,1331
xpress,xpress ,1335
xr shape modeling,xr shape modeling ,1336
xslt,xslt ,1337
yaml,yaml ,1338
yii,yii ,1339
yocto,yocto ,1340
yolo,yolo ,1341
youtube,youtube ,1342
youtube marketing,youtube marketing ,1342
zabbix,zabbix ,1343
zap,zap ,1344
zapier,zapier ,1345
zend,zend ,1346
zoho,zoho ,1347
zoho creator,zoho creator ,1347
zoho crm,zoho crm ,1347
